Frame,FrameNum,total_people,front_people,back_people,left_people,right_people
frame_0,0,18,9,4,2,3
frame_1,1,20,7,7,3,3
frame_2,2,21,8,7,2,4
frame_3,3,18,7,5,4,2
frame_4,4,15,6,3,2,4
frame_5,5,16,7,5,2,2
frame_6,6,17,7,4,3,3
frame_7,7,20,7,8,3,2
frame_8,8,16,7,6,1,2
frame_9,9,16,8,4,2,2
frame_10,10,20,10,7,1,2
frame_11,11,17,9,4,2,2
frame_12,12,15,7,4,2,2
frame_13,13,17,7,4,3,3
frame_14,14,20,8,4,6,2
frame_15,15,19,8,5,4,2
frame_16,16,23,8,8,4,3
frame_17,17,16,5,4,3,4
frame_18,18,20,4,10,3,3
frame_19,19,25,7,9,6,3
frame_20,20,22,7,8,5,2
frame_21,21,23,8,9,5,1
frame_22,22,23,8,10,4,1
frame_23,23,22,8,9,4,1
frame_24,24,25,9,12,3,1
frame_25,25,21,8,10,2,1
frame_26,26,21,7,11,2,1
frame_27,27,22,9,9,3,1
frame_28,28,20,9,8,3,0
frame_29,29,27,11,10,6,0
frame_30,30,25,11,11,3,0
frame_31,31,18,7,8,3,0
frame_32,32,23,10,9,2,2
frame_33,33,23,7,11,2,3
frame_34,34,22,6,10,3,3
frame_35,35,22,7,9,2,4
frame_36,36,23,8,10,2,3
frame_37,37,18,4,9,2,3
frame_38,38,23,6,10,2,5
frame_39,39,26,5,13,2,6
frame_40,40,20,6,7,2,5
frame_41,41,21,4,10,2,5
frame_42,42,20,5,9,2,4
frame_43,43,21,5,10,1,5
frame_44,44,27,7,13,1,6
frame_45,45,25,8,12,1,4
frame_46,46,22,6,11,2,3
frame_47,47,25,9,10,2,4
frame_48,48,21,7,10,1,3
frame_49,49,20,6,10,1,3
frame_50,50,19,5,10,1,3
frame_51,51,17,6,8,0,3
frame_52,52,18,7,8,1,2
frame_53,53,17,8,7,0,2
frame_54,54,15,5,8,0,2
frame_55,55,16,5,9,0,2
frame_56,56,16,5,8,1,2
frame_57,57,16,5,8,1,2
frame_58,58,15,5,6,2,2
frame_59,59,16,6,6,2,2
frame_60,60,14,5,5,2,2
frame_61,61,15,6,3,4,2
frame_62,62,16,5,4,4,3
frame_63,63,17,5,7,3,2
frame_64,64,15,6,4,3,2
frame_65,65,18,6,5,5,2
frame_66,66,17,6,4,5,2
frame_67,67,18,7,5,5,1
frame_68,68,16,6,6,3,1
frame_69,69,13,5,5,3,0
frame_70,70,18,6,7,5,0
frame_71,71,17,7,5,5,0
frame_72,72,20,8,6,6,0
frame_73,73,18,7,6,5,0
frame_74,74,16,4,6,6,0
frame_75,75,14,4,6,4,0
frame_76,76,13,4,5,4,0
frame_77,77,14,5,5,4,0
frame_78,78,16,5,7,4,0
frame_79,79,16,6,6,4,0
frame_80,80,16,4,6,6,0
frame_81,81,15,5,4,6,0
frame_82,82,15,5,5,5,0
frame_83,83,15,5,6,4,0
frame_84,84,16,7,5,4,0
frame_85,85,21,7,8,6,0
frame_86,86,22,6,8,8,0
frame_87,87,22,8,6,8,0
frame_88,88,20,6,7,7,0
frame_89,89,18,7,7,4,0
frame_90,90,21,6,8,7,0
frame_91,91,19,8,8,3,0
frame_92,92,19,8,8,3,0
frame_93,93,16,6,7,3,0
frame_94,94,19,9,7,3,0
frame_95,95,19,9,7,3,0
frame_96,96,15,8,5,2,0
frame_97,97,20,9,8,3,0
frame_98,98,17,8,6,3,0
frame_99,99,17,8,6,3,0
frame_100,100,17,8,7,2,0
frame_101,101,18,8,8,2,0
frame_102,102,17,10,5,2,0
frame_103,103,19,11,5,2,1
frame_104,104,20,9,7,4,0
frame_105,105,18,9,7,2,0
frame_106,106,21,12,6,3,0
frame_107,107,21,12,8,1,0
frame_108,108,22,12,7,2,1
frame_109,109,21,12,8,1,0
frame_110,110,20,12,7,1,0
frame_111,111,22,13,7,1,1
frame_112,112,20,11,8,1,0
frame_113,113,17,9,7,1,0
frame_114,114,19,10,7,1,1
frame_115,115,21,13,7,1,0
frame_116,116,21,9,9,1,2
frame_117,117,21,11,7,1,2
frame_118,118,19,8,7,1,3
frame_119,119,20,11,5,1,3
frame_120,120,18,10,4,1,3
frame_121,121,20,12,5,1,2
frame_122,122,20,10,7,1,2
frame_123,123,21,11,6,2,2
frame_124,124,24,11,9,0,4
frame_125,125,23,11,9,0,3
frame_126,126,23,9,10,0,4
frame_127,127,22,11,7,0,4
frame_128,128,26,11,9,2,4
frame_129,129,23,10,8,0,5
frame_130,130,22,10,8,0,4
frame_131,131,24,10,9,0,5
frame_132,132,25,10,9,1,5
frame_133,133,28,13,9,2,4
frame_134,134,21,11,6,1,3
frame_135,135,26,9,9,2,6
frame_136,136,26,11,7,2,6
frame_137,137,22,8,7,1,6
frame_138,138,25,9,10,1,5
frame_139,139,24,9,8,2,5
frame_140,140,28,12,10,1,5
frame_141,141,30,13,10,3,4
frame_142,142,25,10,8,2,5
frame_143,143,28,12,8,4,4
frame_144,144,36,14,11,3,8
frame_145,145,30,12,11,4,3
frame_146,146,32,13,12,3,4
frame_147,147,34,15,12,3,4
frame_148,148,31,13,11,4,3
frame_149,149,33,14,10,4,5
frame_150,150,35,16,11,4,4
frame_151,151,32,15,10,4,3
frame_152,152,33,13,12,3,5
frame_153,153,29,12,10,4,3
frame_154,154,34,13,10,4,7
frame_155,155,31,11,10,4,6
frame_156,156,29,11,9,2,7
frame_157,157,29,8,10,3,8
frame_158,158,30,8,11,3,8
frame_159,159,35,12,11,5,7
frame_160,160,29,8,11,4,6
frame_161,161,27,10,9,3,5
frame_162,162,26,8,9,5,4
frame_163,163,32,9,9,6,8
frame_164,164,31,9,10,4,8
frame_165,165,26,7,9,3,7
frame_166,166,37,11,11,6,9
frame_167,167,29,10,11,4,4
frame_168,168,30,10,11,5,4
frame_169,169,27,9,10,5,3
frame_170,170,28,10,12,4,2
frame_171,171,26,10,13,3,0
frame_172,172,26,8,12,4,2
frame_173,173,28,9,13,4,2
frame_174,174,25,9,12,4,0
frame_175,175,27,9,13,3,2
frame_176,176,21,8,10,3,0
frame_177,177,22,8,10,4,0
frame_178,178,23,10,11,2,0
frame_179,179,20,6,11,3,0
frame_180,180,26,10,12,3,1
frame_181,181,23,9,11,2,1
frame_182,182,24,9,11,3,1
frame_183,183,22,7,12,2,1
frame_184,184,24,6,12,3,3
frame_185,185,24,5,11,3,5
frame_186,186,21,5,9,3,4
frame_187,187,24,7,11,3,3
frame_188,188,21,5,11,2,3
frame_189,189,17,5,8,1,3
frame_190,190,21,5,12,1,3
frame_191,191,22,5,12,1,4
frame_192,192,16,6,7,1,2
frame_193,193,16,6,8,1,1
frame_194,194,16,6,8,1,1
frame_195,195,16,6,9,1,0
frame_196,196,18,6,9,3,0
frame_197,197,16,6,8,2,0
frame_198,198,17,6,9,2,0
frame_199,199,16,6,8,2,0
frame_200,200,17,5,9,3,0
frame_201,201,15,5,8,2,0
frame_202,202,20,6,11,3,0
frame_203,203,18,7,7,4,0
frame_204,204,18,7,8,3,0
frame_205,205,15,6,6,3,0
frame_206,206,16,8,6,2,0
frame_207,207,16,7,6,3,0
frame_208,208,16,8,5,3,0
frame_209,209,21,10,6,4,1
frame_210,210,20,10,6,4,0
frame_211,211,21,11,6,4,0
frame_212,212,18,9,5,4,0
frame_213,213,16,9,4,3,0
frame_214,214,19,10,5,4,0
frame_215,215,21,11,7,3,0
frame_216,216,16,9,3,2,2
frame_217,217,19,9,4,4,2
frame_218,218,18,7,7,2,2
frame_219,219,17,8,3,5,1
frame_220,220,18,8,5,4,1
frame_221,221,17,8,5,3,1
frame_222,222,15,7,6,1,1
frame_223,223,17,7,9,0,1
frame_224,224,15,8,6,0,1
frame_225,225,17,10,6,0,1
frame_226,226,17,9,6,1,1
frame_227,227,14,8,3,2,1
frame_228,228,17,7,6,3,1
frame_229,229,15,6,5,3,1
frame_230,230,16,6,7,2,1
frame_231,231,14,6,5,2,1
frame_232,232,15,6,6,2,1
frame_233,233,17,6,7,2,2
frame_234,234,13,5,4,2,2
frame_235,235,15,5,5,2,3
frame_236,236,12,5,2,2,3
frame_237,237,14,6,3,2,3
frame_238,238,15,6,4,2,3
frame_239,239,14,6,2,2,4
frame_240,240,17,7,4,2,4
frame_241,241,18,8,5,2,3
frame_242,242,17,8,4,1,4
frame_243,243,14,8,2,1,3
frame_244,244,14,7,2,1,4
frame_245,245,18,9,4,1,4
frame_246,246,16,9,3,1,3
frame_247,247,19,10,4,1,4
frame_248,248,20,9,5,2,4
frame_249,249,18,9,5,2,2
frame_250,250,16,7,5,1,3
frame_251,251,15,7,6,0,2
frame_252,252,14,8,3,0,3
frame_253,253,14,8,3,1,2
frame_254,254,16,9,4,1,2
frame_255,255,17,8,6,1,2
frame_256,256,12,6,5,0,1
frame_257,257,15,7,6,0,2
frame_258,258,18,10,5,0,3
frame_259,259,17,9,6,0,2
frame_260,260,17,9,6,1,1
frame_261,261,17,8,5,3,1
frame_262,262,16,9,4,2,1
frame_263,263,19,10,6,2,1
frame_264,264,15,8,5,1,1
frame_265,265,17,8,5,3,1
frame_266,266,19,9,5,4,1
frame_267,267,20,7,8,4,1
frame_268,268,20,9,8,1,2
frame_269,269,21,9,8,2,2
frame_270,270,20,7,7,4,2
frame_271,271,20,8,6,4,2
frame_272,272,18,9,5,2,2
frame_273,273,21,10,7,2,2
frame_274,274,21,9,5,5,2
frame_275,275,20,8,6,4,2
frame_276,276,18,8,5,3,2
frame_277,277,19,9,7,2,1
frame_278,278,20,9,6,3,2
frame_279,279,21,10,6,3,2
frame_280,280,19,9,5,3,2
frame_281,281,20,8,6,3,3
frame_282,282,18,9,5,2,2
frame_283,283,20,10,7,2,1
frame_284,284,21,10,8,2,1
frame_285,285,22,10,7,4,1
frame_286,286,20,9,5,5,1
frame_287,287,19,9,5,4,1
frame_288,288,22,11,5,5,1
frame_289,289,23,10,6,6,1
frame_290,290,23,12,6,5,0
frame_291,291,22,10,8,4,0
frame_292,292,23,10,6,4,3
frame_293,293,25,6,12,3,4
frame_294,294,23,8,9,3,3
frame_295,295,20,5,10,2,3
frame_296,296,20,3,10,2,5
frame_297,297,22,4,13,2,3
frame_298,298,22,5,11,3,3
frame_299,299,22,6,10,3,3
frame_300,300,17,3,9,2,3
frame_301,301,22,5,11,3,3
frame_302,302,20,5,10,1,4
frame_303,303,19,3,11,1,4
frame_304,304,22,3,13,1,5
frame_305,305,17,4,8,0,5
frame_306,306,21,6,10,1,4
frame_307,307,18,4,10,0,4
frame_308,308,17,4,9,1,3
frame_309,309,18,5,9,1,3
frame_310,310,20,4,13,1,2
frame_311,311,18,4,12,1,1
frame_312,312,16,4,10,1,1
frame_313,313,16,4,11,1,0
frame_314,314,15,3,11,1,0
frame_315,315,15,4,10,1,0
frame_316,316,15,3,10,1,1
frame_317,317,16,4,10,1,1
frame_318,318,13,4,7,1,1
frame_319,319,14,5,8,1,0
frame_320,320,13,5,7,1,0
frame_321,321,14,5,7,1,1
frame_322,322,14,6,7,1,0
frame_323,323,15,6,8,1,0
frame_324,324,15,6,8,1,0
frame_325,325,17,7,9,1,0
frame_326,326,16,6,8,2,0
frame_327,327,12,4,7,1,0
frame_328,328,15,5,8,2,0
frame_329,329,16,5,8,3,0
frame_330,330,13,5,5,3,0
frame_331,331,17,7,7,3,0
frame_332,332,14,5,6,2,1
frame_333,333,11,5,4,1,1
frame_334,334,11,5,4,1,1
frame_335,335,11,6,5,0,0
frame_336,336,12,5,6,1,0
frame_337,337,11,5,5,1,0
frame_338,338,10,5,3,1,1
frame_339,339,12,6,4,1,1
frame_340,340,14,7,5,1,1
frame_341,341,15,9,4,1,1
frame_342,342,14,9,3,1,1
frame_343,343,17,9,6,1,1
frame_344,344,15,9,5,1,0
frame_345,345,18,10,5,2,1
frame_346,346,15,9,5,1,0
frame_347,347,15,9,5,1,0
frame_348,348,19,12,6,1,0
frame_349,349,19,13,4,1,1
frame_350,350,20,11,5,1,3
frame_351,351,21,12,6,0,3
frame_352,352,18,9,5,1,3
frame_353,353,22,11,7,1,3
frame_354,354,20,11,5,1,3
frame_355,355,20,11,5,1,3
frame_356,356,19,10,4,1,4
frame_357,357,20,10,6,0,4
frame_358,358,22,11,6,1,4
frame_359,359,21,11,6,1,3
frame_360,360,19,11,6,0,2
frame_361,361,24,11,8,1,4
frame_362,362,21,9,6,2,4
frame_363,363,23,9,7,3,4
frame_364,364,26,11,9,2,4
frame_365,365,21,8,9,1,3
frame_366,366,20,9,7,3,1
frame_367,367,22,9,10,3,0
frame_368,368,23,12,10,1,0
frame_369,369,21,11,10,0,0
frame_370,370,22,10,9,3,0
frame_371,371,26,13,9,4,0
frame_372,372,22,10,9,3,0
frame_373,373,27,13,11,3,0
frame_374,374,24,11,9,4,0
frame_375,375,19,8,8,3,0
frame_376,376,21,10,7,4,0
frame_377,377,22,11,10,1,0
frame_378,378,22,11,11,0,0
frame_379,379,20,9,9,2,0
frame_380,380,24,14,9,1,0
frame_381,381,24,13,9,2,0
frame_382,382,28,14,9,3,2
frame_383,383,27,14,9,1,3
frame_384,384,26,11,8,2,5
frame_385,385,27,13,7,3,4
frame_386,386,30,13,8,5,4
frame_387,387,29,11,7,4,7
frame_388,388,29,11,10,1,7
frame_389,389,25,11,8,2,4
frame_390,390,23,10,7,2,4
frame_391,391,25,11,8,3,3
frame_392,392,24,13,6,4,1
frame_393,393,23,12,7,3,1
frame_394,394,25,11,7,4,3
frame_395,395,27,12,10,3,2
frame_396,396,26,12,9,3,2
frame_397,397,25,11,9,2,3
frame_398,398,22,11,7,1,3
frame_399,399,25,13,8,1,3
frame_400,400,27,13,9,2,3
frame_401,401,28,13,9,3,3
frame_402,402,27,14,9,3,1
frame_403,403,26,13,9,3,1
frame_404,404,28,14,9,3,2
frame_405,405,27,13,9,3,2
frame_406,406,27,12,9,3,3
frame_407,407,24,13,6,2,3
frame_408,408,27,12,8,3,4
frame_409,409,25,12,7,3,3
frame_410,410,24,10,8,2,4
frame_411,411,22,12,6,1,3
frame_412,412,25,11,9,2,3
frame_413,413,31,12,10,5,4
frame_414,414,27,11,9,3,4
frame_415,415,29,13,10,1,5
frame_416,416,28,13,9,2,4
frame_417,417,26,13,5,3,5
frame_418,418,29,13,8,2,6
frame_419,419,28,11,11,2,4
frame_420,420,31,16,9,2,4
frame_421,421,28,16,6,2,4
frame_422,422,30,16,7,3,4
frame_423,423,31,14,8,4,5
frame_424,424,30,13,10,4,3
frame_425,425,34,15,9,7,3
frame_426,426,35,13,9,9,4
frame_427,427,38,12,12,10,4
frame_428,428,36,12,9,10,5
frame_429,429,35,11,9,8,7
frame_430,430,32,14,5,7,6
frame_431,431,34,10,10,8,6
frame_432,432,33,10,9,7,7
frame_433,433,32,9,7,8,8
frame_434,434,35,11,8,8,8
frame_435,435,39,11,11,9,8
frame_436,436,36,9,9,11,7
frame_437,437,39,12,10,11,6
frame_438,438,36,9,13,8,6
frame_439,439,37,12,13,8,4
frame_440,440,34,10,13,4,7
frame_441,441,33,7,13,9,4
frame_442,442,34,6,12,9,7
frame_443,443,37,7,15,9,6
frame_444,444,33,7,12,9,5
frame_445,445,35,5,16,9,5
frame_446,446,30,4,13,9,4
frame_447,447,35,5,14,11,5
frame_448,448,31,4,15,7,5
frame_449,449,31,4,15,7,5
frame_450,450,34,7,16,7,4
frame_451,451,29,7,12,6,4
frame_452,452,37,9,18,6,4
frame_453,453,31,9,16,3,3
frame_454,454,31,10,15,3,3
frame_455,455,32,10,15,3,4
frame_456,456,28,10,13,3,2
frame_457,457,28,11,10,5,2
frame_458,458,30,11,15,2,2
frame_459,459,22,9,12,1,0
frame_460,460,23,10,11,2,0
frame_461,461,26,12,12,2,0
frame_462,462,25,10,11,3,1
frame_463,463,23,9,10,3,1
frame_464,464,23,9,9,4,1
frame_465,465,28,11,10,5,2
frame_466,466,26,10,10,5,1
frame_467,467,25,11,8,5,1
frame_468,468,25,10,10,4,1
frame_469,469,27,12,7,7,1
frame_470,470,27,12,8,6,1
frame_471,471,27,12,7,6,2
frame_472,472,26,11,10,5,0
frame_473,473,26,9,12,5,0
frame_474,474,29,11,11,6,1
frame_475,475,28,11,11,6,0
frame_476,476,29,12,9,8,0
frame_477,477,35,13,12,10,0
frame_478,478,29,11,10,8,0
frame_479,479,29,11,10,8,0
frame_480,480,30,12,12,6,0
frame_481,481,31,13,11,6,1
frame_482,482,29,11,11,6,1
frame_483,483,33,12,12,8,1
frame_484,484,30,11,9,8,2
frame_485,485,35,11,13,9,2
frame_486,486,37,10,12,13,2
frame_487,487,36,10,15,10,1
frame_488,488,34,11,15,6,2
frame_489,489,32,11,12,8,1
frame_490,490,30,8,12,8,2
frame_491,491,29,8,13,4,4
frame_492,492,28,10,10,4,4
frame_493,493,28,9,11,5,3
frame_494,494,28,8,14,4,2
frame_495,495,27,9,13,4,1
frame_496,496,23,8,11,3,1
frame_497,497,26,9,12,4,1
frame_498,498,27,9,16,2,0
frame_499,499,25,9,14,2,0
frame_500,500,24,9,15,0,0
frame_501,501,23,9,14,0,0
frame_502,502,21,8,13,0,0
frame_503,503,20,8,11,0,1
frame_504,504,22,8,13,1,0
frame_505,505,21,8,12,1,0
frame_506,506,24,10,13,0,1
frame_507,507,25,10,13,1,1
frame_508,508,24,12,10,1,1
frame_509,509,20,10,8,1,1
frame_510,510,22,9,11,1,1
frame_511,511,24,12,10,1,1
frame_512,512,20,10,9,1,0
frame_513,513,21,9,9,3,0
frame_514,514,20,9,8,3,0
frame_515,515,20,8,7,4,1
frame_516,516,19,9,7,3,0
frame_517,517,23,10,8,4,1
frame_518,518,26,11,10,3,2
frame_519,519,29,12,11,4,2
frame_520,520,25,10,12,2,1
frame_521,521,26,9,12,2,3
frame_522,522,21,6,11,2,2
frame_523,523,25,11,12,0,2
frame_524,524,19,9,8,0,2
frame_525,525,28,12,11,2,3
frame_526,526,23,10,8,1,4
frame_527,527,23,10,8,2,3
frame_528,528,21,9,8,2,2
frame_529,529,22,11,8,0,3
frame_530,530,26,12,9,1,4
frame_531,531,27,11,9,1,6
frame_532,532,29,12,9,1,7
frame_533,533,22,10,7,0,5
frame_534,534,24,10,7,1,6
frame_535,535,25,8,7,2,8
frame_536,536,23,6,7,1,9
frame_537,537,22,5,7,1,9
frame_538,538,28,6,9,3,10
frame_539,539,27,7,9,2,9
frame_540,540,28,7,11,1,9
frame_541,541,28,7,10,2,9
frame_542,542,31,9,12,2,8
frame_543,543,25,5,9,1,10
frame_544,544,28,7,11,1,9
frame_545,545,29,6,11,2,10
frame_546,546,29,5,14,1,9
frame_547,547,23,5,9,3,6
frame_548,548,20,5,8,2,5
frame_549,549,20,4,10,1,5
frame_550,550,21,5,11,2,3
frame_551,551,19,4,12,1,2
frame_552,552,19,4,10,3,2
frame_553,553,22,6,12,2,2
frame_554,554,18,4,11,1,2
frame_555,555,19,5,11,1,2
frame_556,556,17,4,10,1,2
frame_557,557,19,5,11,1,2
frame_558,558,20,4,11,2,3
frame_559,559,19,4,11,2,2
frame_560,560,18,4,11,1,2
frame_561,561,21,5,12,2,2
frame_562,562,20,5,13,1,1
frame_563,563,19,5,12,1,1
frame_564,564,19,6,10,2,1
frame_565,565,18,6,10,1,1
frame_566,566,17,5,10,1,1
frame_567,567,25,6,14,4,1
frame_568,568,19,4,12,2,1
frame_569,569,18,4,12,1,1
frame_570,570,20,4,12,4,0
frame_571,571,20,4,13,3,0
frame_572,572,20,4,13,3,0
frame_573,573,19,5,11,3,0
frame_574,574,17,4,12,1,0
frame_575,575,17,3,13,1,0
frame_576,576,17,4,12,1,0
frame_577,577,17,5,11,1,0
frame_578,578,14,5,9,0,0
frame_579,579,16,6,9,1,0
frame_580,580,14,4,8,2,0
frame_581,581,14,5,8,1,0
frame_582,582,16,4,11,1,0
frame_583,583,14,4,10,0,0
frame_584,584,14,4,9,1,0
frame_585,585,13,4,8,1,0
frame_586,586,14,4,9,1,0
frame_587,587,16,5,9,2,0
frame_588,588,15,5,8,2,0
frame_589,589,14,4,9,1,0
frame_590,590,14,6,7,1,0
frame_591,591,14,6,7,1,0
frame_592,592,14,6,7,1,0
frame_593,593,18,7,10,1,0
frame_594,594,16,8,7,1,0
frame_595,595,13,7,6,0,0
frame_596,596,22,9,10,3,0
frame_597,597,18,9,8,1,0
frame_598,598,18,9,8,1,0
frame_599,599,17,9,7,1,0
frame_600,600,17,9,7,1,0
frame_601,601,17,10,5,2,0
frame_602,602,18,11,6,1,0
frame_603,603,15,9,6,0,0
frame_604,604,20,11,7,2,0
frame_605,605,21,11,7,3,0
frame_606,606,21,10,7,3,1
frame_607,607,21,10,7,3,1
frame_608,608,18,8,4,3,3
frame_609,609,21,9,8,2,2
frame_610,610,19,7,8,2,2
frame_611,611,17,8,5,2,2
frame_612,612,21,11,8,2,0
frame_613,613,20,10,7,3,0
frame_614,614,24,11,9,4,0
frame_615,615,22,10,7,5,0
frame_616,616,20,10,5,5,0
frame_617,617,23,10,7,6,0
frame_618,618,20,9,6,5,0
frame_619,619,23,10,8,4,1
frame_620,620,24,12,7,4,1
frame_621,621,28,12,9,6,1
frame_622,622,25,12,7,5,1
frame_623,623,27,12,8,6,1
frame_624,624,25,9,7,7,2
frame_625,625,27,10,9,5,3
frame_626,626,27,11,8,5,3
frame_627,627,30,10,8,6,6
frame_628,628,29,9,9,6,5
frame_629,629,33,9,13,7,4
frame_630,630,34,11,11,7,5
frame_631,631,33,10,13,7,3
frame_632,632,35,10,14,9,2
frame_633,633,33,10,14,7,2
frame_634,634,33,6,16,10,1
frame_635,635,34,5,19,10,0
frame_636,636,31,4,17,10,0
frame_637,637,27,5,14,7,1
frame_638,638,26,6,13,6,1
frame_639,639,26,2,17,6,1
frame_640,640,22,2,14,5,1
frame_641,641,23,4,14,4,1
frame_642,642,24,4,15,4,1
frame_643,643,19,3,11,3,2
frame_644,644,24,3,14,5,2
frame_645,645,21,4,13,2,2
frame_646,646,20,4,13,2,1
frame_647,647,20,4,12,3,1
frame_648,648,23,3,15,3,2
frame_649,649,26,3,16,5,2
frame_650,650,25,4,14,5,2
frame_651,651,26,4,15,4,3
frame_652,652,26,4,15,5,2
frame_653,653,25,4,15,4,2
frame_654,654,22,4,12,4,2
frame_655,655,23,4,13,4,2
frame_656,656,23,5,12,4,2
frame_657,657,21,3,11,3,4
frame_658,658,24,5,13,3,3
frame_659,659,19,3,10,2,4
frame_660,660,20,5,10,2,3
frame_661,661,20,5,11,2,2
frame_662,662,19,5,10,2,2
frame_663,663,18,5,9,1,3
frame_664,664,21,6,11,1,3
frame_665,665,15,4,9,0,2
frame_666,666,14,5,8,0,1
frame_667,667,12,5,7,0,0
frame_668,668,16,7,9,0,0
frame_669,669,15,4,10,0,1
frame_670,670,15,5,10,0,0
frame_671,671,16,5,10,1,0
frame_672,672,17,8,8,1,0
frame_673,673,14,6,7,1,0
frame_674,674,15,6,8,1,0
frame_675,675,15,8,7,0,0
frame_676,676,15,7,8,0,0
frame_677,677,14,6,7,0,1
frame_678,678,12,6,5,0,1
frame_679,679,12,6,5,0,1
frame_680,680,11,6,5,0,0
frame_681,681,12,6,5,0,1
frame_682,682,10,6,3,0,1
frame_683,683,13,6,4,2,1
frame_684,684,15,7,6,2,0
frame_685,685,13,5,6,2,0
frame_686,686,10,4,5,1,0
frame_687,687,11,3,5,3,0
frame_688,688,12,5,4,3,0
frame_689,689,15,6,4,5,0
frame_690,690,13,6,5,2,0
frame_691,691,13,5,6,2,0
frame_692,692,16,7,7,2,0
frame_693,693,17,6,9,2,0
frame_694,694,15,6,6,2,1
frame_695,695,15,6,6,2,1
frame_696,696,15,6,7,1,1
frame_697,697,17,6,7,3,1
frame_698,698,17,7,7,2,1
frame_699,699,14,6,5,3,0
frame_700,700,17,7,7,3,0
frame_701,701,21,6,10,5,0
frame_702,702,22,8,10,4,0
frame_703,703,21,8,9,4,0
frame_704,704,20,8,8,4,0
frame_705,705,16,7,5,4,0
frame_706,706,18,8,5,5,0
frame_707,707,20,10,6,4,0
frame_708,708,21,10,7,4,0
frame_709,709,21,8,8,5,0
frame_710,710,21,7,8,5,1
frame_711,711,21,7,8,5,1
frame_712,712,19,6,7,5,1
frame_713,713,18,5,8,4,1
frame_714,714,19,6,8,3,2
frame_715,715,17,5,9,1,2
frame_716,716,17,4,8,1,4
frame_717,717,15,1,9,1,4
frame_718,718,18,5,6,1,6
frame_719,719,19,5,8,2,4
frame_720,720,18,5,6,2,5
frame_721,721,18,5,5,2,6
frame_722,722,18,4,8,2,4
frame_723,723,18,4,7,2,5
frame_724,724,22,3,12,2,5
frame_725,725,19,4,11,0,4
frame_726,726,18,2,11,1,4
frame_727,727,21,5,12,1,3
frame_728,728,19,5,10,0,4
frame_729,729,21,4,12,1,4
frame_730,730,17,4,8,1,4
frame_731,731,18,6,8,1,3
frame_732,732,21,6,11,1,3
frame_733,733,17,6,9,0,2
frame_734,734,15,5,8,1,1
frame_735,735,19,6,11,1,1
frame_736,736,17,5,10,1,1
frame_737,737,16,6,8,1,1
frame_738,738,17,6,9,1,1
frame_739,739,15,6,7,1,1
frame_740,740,17,6,8,1,2
frame_741,741,16,6,6,1,3
frame_742,742,16,7,6,1,2
frame_743,743,15,6,6,1,2
frame_744,744,16,8,5,1,2
frame_745,745,20,7,9,2,2
frame_746,746,18,6,9,2,1
frame_747,747,17,8,7,1,1
frame_748,748,19,7,10,2,0
frame_749,749,12,3,7,2,0
frame_750,750,14,2,8,1,3
frame_751,751,15,3,8,1,3
frame_752,752,17,5,8,1,3
frame_753,753,19,8,7,1,3
frame_754,754,16,7,7,0,2
frame_755,755,16,8,6,0,2
frame_756,756,13,7,4,1,1
frame_757,757,16,7,6,1,2
frame_758,758,12,7,4,0,1
frame_759,759,12,6,5,1,0
frame_760,760,14,7,5,2,0
frame_761,761,17,9,5,3,0
frame_762,762,16,8,6,1,1
frame_763,763,17,8,7,1,1
frame_764,764,15,6,7,2,0
frame_765,765,14,5,6,2,1
frame_766,766,17,7,7,2,1
frame_767,767,19,9,6,3,1
frame_768,768,19,9,6,3,1
frame_769,769,23,7,10,4,2
frame_770,770,19,6,7,4,2
frame_771,771,24,8,10,4,2
frame_772,772,20,9,7,2,2
frame_773,773,21,9,8,2,2
frame_774,774,21,9,8,2,2
frame_775,775,16,8,6,1,1
frame_776,776,19,9,7,1,2
frame_777,777,24,10,9,2,3
frame_778,778,23,10,9,2,2
frame_779,779,20,10,7,2,1
frame_780,780,16,8,5,2,1
frame_781,781,21,10,6,3,2
frame_782,782,23,10,7,3,3
frame_783,783,22,10,7,3,2
frame_784,784,22,12,5,3,2
frame_785,785,22,10,6,4,2
frame_786,786,23,12,6,4,1
frame_787,787,24,11,7,5,1
frame_788,788,20,10,6,4,0
frame_789,789,22,10,8,4,0
frame_790,790,25,11,8,5,1
frame_791,791,17,6,6,4,1
frame_792,792,21,8,10,3,0
frame_793,793,18,8,7,3,0
frame_794,794,21,8,10,2,1
frame_795,795,23,11,12,0,0
frame_796,796,18,8,10,0,0
frame_797,797,21,10,10,0,1
frame_798,798,21,8,11,0,2
frame_799,799,21,8,9,0,4
frame_800,800,22,7,10,0,5
frame_801,801,21,8,8,0,5
frame_802,802,25,9,10,1,5
frame_803,803,23,8,9,1,5
frame_804,804,21,8,8,1,4
frame_805,805,23,8,7,1,7
frame_806,806,25,9,8,1,7
frame_807,807,23,8,7,1,7
frame_808,808,21,8,8,0,5
frame_809,809,17,8,6,0,3
frame_810,810,19,8,8,0,3
frame_811,811,18,10,5,0,3
frame_812,812,21,10,8,0,3
frame_813,813,21,10,7,0,4
frame_814,814,22,11,8,0,3
frame_815,815,20,11,7,0,2
frame_816,816,21,12,7,0,2
frame_817,817,19,12,6,0,1
frame_818,818,21,12,6,1,2
frame_819,819,22,12,5,1,4
frame_820,820,18,11,4,0,3
frame_821,821,17,8,5,0,4
frame_822,822,21,10,6,1,4
frame_823,823,20,11,5,1,3
frame_824,824,20,9,5,2,4
frame_825,825,19,9,6,1,3
frame_826,826,21,11,6,1,3
frame_827,827,18,9,5,1,3
frame_828,828,20,10,6,1,3
frame_829,829,20,11,5,1,3
frame_830,830,20,10,6,1,3
frame_831,831,21,10,6,1,4
frame_832,832,19,10,5,1,3
frame_833,833,21,9,9,0,3
frame_834,834,19,10,6,0,3
frame_835,835,18,9,6,0,3
frame_836,836,18,8,7,0,3
frame_837,837,18,9,5,1,3
frame_838,838,19,9,5,1,4
frame_839,839,16,8,3,0,5
frame_840,840,15,8,3,0,4
frame_841,841,19,8,4,1,6
frame_842,842,16,7,4,0,5
frame_843,843,16,7,3,1,5
frame_844,844,16,7,5,0,4
frame_845,845,16,7,3,2,4
frame_846,846,16,6,2,4,4
frame_847,847,17,6,2,3,6
frame_848,848,14,5,2,3,4
frame_849,849,16,5,3,3,5
frame_850,850,15,5,2,3,5
frame_851,851,16,6,4,2,4
frame_852,852,14,6,2,0,6
frame_853,853,18,6,5,1,6
frame_854,854,16,5,4,1,6
frame_855,855,16,4,7,0,5
frame_856,856,14,5,4,0,5
frame_857,857,12,5,2,0,5
frame_858,858,14,4,5,0,5
frame_859,859,12,3,3,0,6
frame_860,860,13,3,4,0,6
frame_861,861,15,2,7,0,6
frame_862,862,14,3,5,0,6
frame_863,863,13,4,4,0,5
frame_864,864,15,5,5,0,5
frame_865,865,15,5,6,0,4
frame_866,866,13,4,6,0,3
frame_867,867,16,6,6,1,3
frame_868,868,13,6,3,1,3
frame_869,869,15,5,7,0,3
frame_870,870,15,6,4,2,3
frame_871,871,16,4,7,2,3
frame_872,872,18,3,7,5,3
frame_873,873,16,3,5,4,4
frame_874,874,14,3,4,4,3
frame_875,875,15,2,5,5,3
frame_876,876,17,5,4,4,4
frame_877,877,14,4,5,3,2
frame_878,878,14,4,6,2,2
frame_879,879,15,3,6,3,3
frame_880,880,13,3,6,2,2
frame_881,881,16,3,8,3,2
frame_882,882,11,3,5,3,0
frame_883,883,14,4,5,4,1
frame_884,884,16,4,5,3,4
frame_885,885,18,5,7,4,2
frame_886,886,18,5,8,2,3
frame_887,887,18,7,6,3,2
frame_888,888,13,5,4,2,2
frame_889,889,14,5,4,2,3
frame_890,890,14,6,4,1,3
frame_891,891,15,6,4,1,4
frame_892,892,15,4,4,3,4
frame_893,893,14,4,6,0,4
frame_894,894,14,2,5,1,6
frame_895,895,14,1,5,1,7
frame_896,896,16,2,6,1,7
frame_897,897,14,3,5,0,6
frame_898,898,16,2,6,2,6
frame_899,899,14,2,6,1,5
frame_900,900,15,3,7,2,3
frame_901,901,13,3,6,2,2
frame_902,902,11,3,6,1,1
frame_903,903,14,4,7,2,1
frame_904,904,12,3,6,2,1
frame_905,905,10,3,5,1,1
frame_906,906,10,3,4,2,1
frame_907,907,13,3,5,4,1
frame_908,908,12,5,5,1,1
frame_909,909,14,5,5,3,1
frame_910,910,17,6,6,4,1
frame_911,911,11,4,5,2,0
frame_912,912,17,6,6,5,0
frame_913,913,20,6,9,5,0
frame_914,914,19,6,8,5,0
frame_915,915,12,3,6,3,0
frame_916,916,15,5,6,4,0
frame_917,917,19,5,8,6,0
frame_918,918,15,4,5,5,1
frame_919,919,14,4,6,4,0
frame_920,920,12,4,5,3,0
frame_921,921,12,3,5,4,0
frame_922,922,17,4,7,5,1
frame_923,923,18,5,6,5,2
frame_924,924,15,4,4,5,2
frame_925,925,13,4,5,3,1
frame_926,926,14,4,5,5,0
frame_927,927,14,4,5,5,0
frame_928,928,14,4,5,5,0
frame_929,929,16,4,6,6,0
frame_930,930,14,4,5,5,0
frame_931,931,14,4,5,4,1
frame_932,932,13,5,6,1,1
frame_933,933,12,2,7,2,1
frame_934,934,11,3,6,1,1
frame_935,935,11,3,6,1,1
frame_936,936,12,2,8,1,1
frame_937,937,12,2,8,1,1
frame_938,938,11,3,6,1,1
frame_939,939,11,3,7,0,1
frame_940,940,12,4,7,0,1
frame_941,941,13,3,7,2,1
frame_942,942,12,3,7,1,1
frame_943,943,12,4,7,0,1
frame_944,944,12,4,7,1,0
frame_945,945,12,5,6,1,0
frame_946,946,12,4,7,1,0
frame_947,947,12,4,7,1,0
frame_948,948,13,6,6,1,0
frame_949,949,15,7,7,1,0
frame_950,950,13,5,7,0,1
frame_951,951,12,5,6,1,0
frame_952,952,16,7,6,2,1
frame_953,953,12,7,5,0,0
frame_954,954,15,6,6,1,2
frame_955,955,13,6,6,0,1
frame_956,956,12,6,6,0,0
frame_957,957,12,4,6,2,0
frame_958,958,12,5,6,1,0
frame_959,959,10,5,5,0,0
frame_960,960,12,5,7,0,0
frame_961,961,11,4,6,0,1
frame_962,962,11,3,6,1,1
frame_963,963,12,4,6,0,2
frame_964,964,14,6,5,1,2
frame_965,965,16,6,7,2,1
frame_966,966,12,4,5,1,2
frame_967,967,12,3,6,1,2
frame_968,968,14,6,6,0,2
frame_969,969,13,5,6,0,2
frame_970,970,11,4,5,0,2
frame_971,971,11,4,5,0,2
frame_972,972,9,3,4,0,2
frame_973,973,11,4,5,0,2
frame_974,974,13,4,6,1,2
frame_975,975,14,4,8,1,1
frame_976,976,13,4,7,1,1
frame_977,977,13,3,9,1,0
frame_978,978,13,4,8,1,0
frame_979,979,14,5,8,1,0
frame_980,980,14,4,9,1,0
frame_981,981,15,5,8,2,0
frame_982,982,16,5,9,2,0
frame_983,983,15,5,8,2,0
frame_984,984,15,6,7,2,0
frame_985,985,15,6,6,3,0
frame_986,986,17,6,7,4,0
frame_987,987,16,5,7,4,0
frame_988,988,16,5,8,3,0
frame_989,989,19,5,8,5,1
frame_990,990,16,6,7,2,1
frame_991,991,19,7,9,1,2
frame_992,992,17,7,7,2,1
frame_993,993,15,7,7,0,1
frame_994,994,18,8,8,0,2
frame_995,995,15,6,7,1,1
frame_996,996,18,7,8,1,2
frame_997,997,18,7,6,1,4
frame_998,998,21,8,7,2,4
frame_999,999,22,8,11,1,2
frame_1000,1000,19,8,9,1,1
frame_1001,1001,16,7,7,1,1
frame_1002,1002,15,7,7,1,0
frame_1003,1003,15,6,8,1,0
frame_1004,1004,16,7,8,1,0
frame_1005,1005,17,8,8,1,0
frame_1006,1006,17,8,8,1,0
frame_1007,1007,15,7,7,1,0
frame_1008,1008,16,7,8,1,0
frame_1009,1009,16,8,7,1,0
frame_1010,1010,16,8,7,1,0
frame_1011,1011,18,9,8,1,0
frame_1012,1012,18,9,8,1,0
frame_1013,1013,19,9,9,1,0
frame_1014,1014,15,8,7,0,0
frame_1015,1015,15,8,6,1,0
frame_1016,1016,18,9,8,1,0
frame_1017,1017,15,7,7,1,0
frame_1018,1018,20,11,8,1,0
frame_1019,1019,17,10,7,0,0
frame_1020,1020,19,11,8,0,0
frame_1021,1021,18,9,9,0,0
frame_1022,1022,17,10,7,0,0
frame_1023,1023,18,10,8,0,0
frame_1024,1024,18,9,8,0,1
frame_1025,1025,17,8,8,0,1
frame_1026,1026,16,7,8,0,1
frame_1027,1027,18,8,8,1,1
frame_1028,1028,19,9,7,2,1
frame_1029,1029,16,8,6,1,1
frame_1030,1030,15,7,6,1,1
frame_1031,1031,19,8,6,2,3
frame_1032,1032,19,7,6,3,3
frame_1033,1033,15,5,5,2,3
frame_1034,1034,18,6,6,2,4
frame_1035,1035,19,5,10,0,4
frame_1036,1036,17,4,8,0,5
frame_1037,1037,20,7,10,0,3
frame_1038,1038,17,5,9,0,3
frame_1039,1039,22,5,11,0,6
frame_1040,1040,22,5,10,0,7
frame_1041,1041,24,5,11,0,8
frame_1042,1042,24,4,10,0,10
frame_1043,1043,25,3,11,0,11
frame_1044,1044,23,5,10,0,8
frame_1045,1045,21,4,9,0,8
frame_1046,1046,22,3,9,1,9
frame_1047,1047,24,5,9,1,9
frame_1048,1048,23,4,9,1,9
frame_1049,1049,21,4,7,1,9
frame_1050,1050,23,4,9,1,9
frame_1051,1051,25,5,10,1,9
frame_1052,1052,24,5,9,1,9
frame_1053,1053,26,6,9,2,9
frame_1054,1054,22,5,8,1,8
frame_1055,1055,23,6,7,1,9
frame_1056,1056,23,6,7,1,9
frame_1057,1057,24,5,7,2,10
frame_1058,1058,21,6,7,0,8
frame_1059,1059,22,5,6,0,11
frame_1060,1060,21,6,6,0,9
frame_1061,1061,19,6,5,1,7
frame_1062,1062,20,6,5,1,8
frame_1063,1063,16,5,5,1,5
frame_1064,1064,16,5,5,1,5
frame_1065,1065,16,5,5,1,5
frame_1066,1066,15,5,5,2,3
frame_1067,1067,15,5,5,2,3
frame_1068,1068,16,5,6,2,3
frame_1069,1069,15,4,6,2,3
frame_1070,1070,15,4,6,3,2
frame_1071,1071,14,4,6,2,2
frame_1072,1072,10,3,5,2,0
frame_1073,1073,12,3,6,2,1
frame_1074,1074,14,4,5,4,1
frame_1075,1075,12,3,6,3,0
frame_1076,1076,12,2,6,3,1
frame_1077,1077,13,2,7,3,1
frame_1078,1078,13,2,7,4,0
frame_1079,1079,15,3,8,3,1
frame_1080,1080,13,3,7,2,1
frame_1081,1081,13,3,7,2,1
frame_1082,1082,14,3,8,2,1
frame_1083,1083,15,4,10,0,1
frame_1084,1084,12,3,8,0,1
frame_1085,1085,13,4,9,0,0
frame_1086,1086,14,4,9,0,1
frame_1087,1087,13,4,9,0,0
frame_1088,1088,15,4,11,0,0
frame_1089,1089,14,3,10,0,1
frame_1090,1090,14,4,9,0,1
frame_1091,1091,13,3,9,0,1
frame_1092,1092,16,4,10,1,1
frame_1093,1093,15,3,10,1,1
frame_1094,1094,13,3,8,1,1
frame_1095,1095,16,4,10,1,1
frame_1096,1096,14,3,9,1,1
frame_1097,1097,14,4,8,1,1
frame_1098,1098,14,4,8,1,1
frame_1099,1099,19,5,11,2,1
frame_1100,1100,18,5,11,1,1
frame_1101,1101,16,5,9,1,1
frame_1102,1102,16,5,7,3,1
frame_1103,1103,20,5,11,3,1
frame_1104,1104,18,4,10,3,1
frame_1105,1105,21,4,13,2,2
frame_1106,1106,19,4,12,1,2
frame_1107,1107,16,3,10,1,2
frame_1108,1108,14,2,10,0,2
frame_1109,1109,15,3,10,0,2
frame_1110,1110,14,5,7,0,2
frame_1111,1111,9,1,6,0,2
frame_1112,1112,20,6,12,0,2
frame_1113,1113,13,3,6,2,2
frame_1114,1114,15,3,8,2,2
frame_1115,1115,17,5,7,3,2
frame_1116,1116,11,4,5,0,2
frame_1117,1117,12,4,6,0,2
frame_1118,1118,11,4,4,1,2
frame_1119,1119,15,5,5,3,2
frame_1120,1120,14,5,4,3,2
frame_1121,1121,12,4,5,1,2
frame_1122,1122,18,5,6,4,3
frame_1123,1123,16,4,6,3,3
frame_1124,1124,18,5,8,3,2
frame_1125,1125,24,6,13,3,2
frame_1126,1126,26,6,10,8,2
frame_1127,1127,24,4,12,6,2
frame_1128,1128,18,3,8,6,1
frame_1129,1129,24,5,8,8,3
frame_1130,1130,22,6,7,7,2
frame_1131,1131,26,5,9,10,2
frame_1132,1132,24,5,8,10,1
frame_1133,1133,23,4,9,9,1
frame_1134,1134,18,5,8,4,1
frame_1135,1135,20,5,11,3,1
frame_1136,1136,23,6,12,4,1
frame_1137,1137,24,5,9,7,3
frame_1138,1138,21,6,9,4,2
frame_1139,1139,25,5,14,4,2
frame_1140,1140,27,4,15,6,2
frame_1141,1141,19,4,10,3,2
frame_1142,1142,24,5,11,3,5
frame_1143,1143,22,4,11,3,4
frame_1144,1144,23,4,11,5,3
frame_1145,1145,19,5,10,1,3
frame_1146,1146,20,5,9,2,4
frame_1147,1147,17,4,10,1,2
frame_1148,1148,17,4,10,1,2
frame_1149,1149,14,3,8,1,2
frame_1150,1150,14,3,8,1,2
frame_1151,1151,15,5,7,1,2
frame_1152,1152,17,5,9,1,2
frame_1153,1153,18,7,8,1,2
frame_1154,1154,18,5,10,0,3
frame_1155,1155,20,5,11,0,4
frame_1156,1156,18,5,10,0,3
frame_1157,1157,18,5,10,0,3
frame_1158,1158,18,5,9,1,3
frame_1159,1159,19,4,10,2,3
frame_1160,1160,16,4,9,1,2
frame_1161,1161,12,3,6,1,2
frame_1162,1162,15,4,9,0,2
frame_1163,1163,19,4,12,1,2
frame_1164,1164,14,3,8,1,2
frame_1165,1165,14,3,9,0,2
frame_1166,1166,17,4,9,1,3
frame_1167,1167,17,4,9,1,3
frame_1168,1168,15,3,7,2,3
frame_1169,1169,18,3,8,4,3
frame_1170,1170,18,4,7,4,3
frame_1171,1171,18,5,7,4,2
frame_1172,1172,16,3,7,4,2
frame_1173,1173,14,3,7,3,1
frame_1174,1174,13,3,5,3,2
frame_1175,1175,16,3,10,2,1
frame_1176,1176,12,2,6,2,2
frame_1177,1177,11,2,5,2,2
frame_1178,1178,15,4,6,3,2
frame_1179,1179,16,2,9,3,2
frame_1180,1180,12,2,5,3,2
frame_1181,1181,15,2,8,4,1
frame_1182,1182,14,3,6,4,1
frame_1183,1183,13,3,6,3,1
frame_1184,1184,14,3,7,4,0
frame_1185,1185,11,3,6,2,0
frame_1186,1186,11,4,5,2,0
frame_1187,1187,13,4,6,3,0
frame_1188,1188,10,3,5,2,0
frame_1189,1189,13,4,6,3,0
frame_1190,1190,12,3,6,3,0
frame_1191,1191,11,4,5,2,0
frame_1192,1192,9,3,4,2,0
frame_1193,1193,8,3,3,2,0
frame_1194,1194,12,3,7,2,0
frame_1195,1195,9,3,6,0,0
frame_1196,1196,9,3,6,0,0
frame_1197,1197,10,4,6,0,0
frame_1198,1198,10,3,7,0,0
frame_1199,1199,9,3,5,1,0
frame_1200,1200,8,3,5,0,0
frame_1201,1201,9,4,4,1,0
frame_1202,1202,11,4,4,3,0
frame_1203,1203,10,4,4,2,0
frame_1204,1204,7,2,4,1,0
frame_1205,1205,10,2,6,2,0
frame_1206,1206,6,1,4,1,0
frame_1207,1207,6,1,4,1,0
frame_1208,1208,6,1,4,1,0
frame_1209,1209,9,1,6,2,0
frame_1210,1210,9,2,5,2,0
frame_1211,1211,9,1,6,2,0
frame_1212,1212,8,1,6,1,0
frame_1213,1213,9,1,6,2,0
frame_1214,1214,9,1,6,2,0
frame_1215,1215,10,1,6,3,0
frame_1216,1216,9,1,5,3,0
frame_1217,1217,9,1,4,3,1
frame_1218,1218,8,1,5,1,1
frame_1219,1219,12,3,5,2,2
frame_1220,1220,11,2,6,2,1
frame_1221,1221,13,1,7,4,1
frame_1222,1222,11,2,7,1,1
frame_1223,1223,12,3,5,3,1
frame_1224,1224,12,4,7,0,1
frame_1225,1225,13,3,8,1,1
frame_1226,1226,12,3,7,1,1
frame_1227,1227,9,2,6,0,1
frame_1228,1228,13,2,10,0,1
frame_1229,1229,12,2,8,1,1
frame_1230,1230,12,2,8,1,1
frame_1231,1231,9,2,5,1,1
frame_1232,1232,9,2,5,0,2
frame_1233,1233,8,2,5,0,1
frame_1234,1234,10,2,7,0,1
frame_1235,1235,10,2,7,0,1
frame_1236,1236,10,2,6,1,1
frame_1237,1237,10,2,7,0,1
frame_1238,1238,10,1,6,0,3
frame_1239,1239,10,2,7,0,1
frame_1240,1240,10,2,7,0,1
frame_1241,1241,10,3,6,0,1
frame_1242,1242,11,4,5,0,2
frame_1243,1243,10,3,5,0,2
frame_1244,1244,10,3,5,0,2
frame_1245,1245,13,3,7,0,3
frame_1246,1246,9,3,5,0,1
frame_1247,1247,9,2,5,0,2
frame_1248,1248,11,4,5,0,2
frame_1249,1249,11,4,6,0,1
frame_1250,1250,8,3,4,0,1
frame_1251,1251,7,2,4,0,1
frame_1252,1252,8,4,4,0,0
frame_1253,1253,7,3,3,0,1
frame_1254,1254,9,3,6,0,0
frame_1255,1255,7,3,3,1,0
frame_1256,1256,7,3,3,1,0
frame_1257,1257,8,2,5,1,0
frame_1258,1258,8,2,5,1,0
frame_1259,1259,9,2,5,2,0
frame_1260,1260,12,4,6,2,0
frame_1261,1261,10,4,4,2,0
frame_1262,1262,11,4,5,2,0
frame_1263,1263,12,4,5,3,0
frame_1264,1264,10,3,4,3,0
frame_1265,1265,12,4,5,3,0
frame_1266,1266,13,5,6,2,0
frame_1267,1267,13,4,7,2,0
frame_1268,1268,11,4,6,1,0
frame_1269,1269,12,4,6,2,0
frame_1270,1270,11,4,5,2,0
frame_1271,1271,12,4,5,3,0
frame_1272,1272,12,4,5,3,0
frame_1273,1273,12,4,5,3,0
frame_1274,1274,11,3,5,3,0
frame_1275,1275,14,5,4,5,0
frame_1276,1276,12,4,4,4,0
frame_1277,1277,10,2,4,4,0
frame_1278,1278,11,3,4,4,0
frame_1279,1279,14,3,4,7,0
frame_1280,1280,15,3,6,6,0
frame_1281,1281,15,2,6,7,0
frame_1282,1282,17,1,8,8,0
frame_1283,1283,15,1,9,5,0
frame_1284,1284,15,2,9,4,0
frame_1285,1285,18,2,11,5,0
frame_1286,1286,18,2,12,4,0
frame_1287,1287,19,1,12,6,0
frame_1288,1288,20,2,13,5,0
frame_1289,1289,19,1,13,4,1
frame_1290,1290,17,1,11,3,2
frame_1291,1291,18,1,12,2,3
frame_1292,1292,18,1,14,1,2
frame_1293,1293,17,1,14,1,1
frame_1294,1294,15,1,12,1,1
frame_1295,1295,16,2,12,0,2
frame_1296,1296,12,0,11,0,1
frame_1297,1297,12,1,10,0,1
frame_1298,1298,13,2,10,0,1
frame_1299,1299,13,1,12,0,0
frame_1300,1300,11,1,10,0,0
frame_1301,1301,12,2,10,0,0
frame_1302,1302,9,0,9,0,0
frame_1303,1303,10,1,9,0,0
frame_1304,1304,10,1,9,0,0
frame_1305,1305,10,0,10,0,0
frame_1306,1306,10,1,9,0,0
frame_1307,1307,11,1,10,0,0
frame_1308,1308,10,0,10,0,0
frame_1309,1309,10,0,10,0,0
frame_1310,1310,10,0,10,0,0
frame_1311,1311,10,0,10,0,0
frame_1312,1312,11,1,10,0,0
frame_1313,1313,13,0,12,1,0
frame_1314,1314,11,0,10,1,0
frame_1315,1315,10,0,9,1,0
frame_1316,1316,10,0,9,1,0
frame_1317,1317,9,0,8,1,0
frame_1318,1318,7,0,7,0,0
frame_1319,1319,9,0,7,2,0
frame_1320,1320,7,0,6,1,0
frame_1321,1321,8,1,6,1,0
frame_1322,1322,8,1,6,1,0
frame_1323,1323,9,1,6,2,0
frame_1324,1324,7,1,5,1,0
frame_1325,1325,8,0,7,1,0
frame_1326,1326,8,0,6,2,0
frame_1327,1327,11,1,7,3,0
frame_1328,1328,9,0,7,2,0
frame_1329,1329,10,1,6,2,1
frame_1330,1330,12,2,9,1,0
frame_1331,1331,12,3,8,1,0
frame_1332,1332,10,1,8,1,0
frame_1333,1333,10,2,8,0,0
frame_1334,1334,10,2,7,1,0
frame_1335,1335,10,3,7,0,0
frame_1336,1336,8,2,6,0,0
frame_1337,1337,7,1,6,0,0
frame_1338,1338,8,1,7,0,0
frame_1339,1339,10,2,8,0,0
frame_1340,1340,8,1,7,0,0
frame_1341,1341,7,1,6,0,0
frame_1342,1342,11,4,7,0,0
frame_1343,1343,9,3,6,0,0
frame_1344,1344,10,3,7,0,0
frame_1345,1345,8,2,6,0,0
frame_1346,1346,10,3,6,0,1
frame_1347,1347,10,4,5,0,1
frame_1348,1348,12,4,7,0,1
frame_1349,1349,11,5,6,0,0
frame_1350,1350,9,4,5,0,0
frame_1351,1351,9,4,5,0,0
frame_1352,1352,5,1,4,0,0
frame_1353,1353,10,3,5,2,0
frame_1354,1354,10,3,5,2,0
frame_1355,1355,8,3,4,1,0
frame_1356,1356,8,3,4,1,0
frame_1357,1357,7,2,4,1,0
frame_1358,1358,7,2,3,2,0
frame_1359,1359,6,3,3,0,0
frame_1360,1360,7,3,4,0,0
frame_1361,1361,8,4,4,0,0
frame_1362,1362,8,3,5,0,0
frame_1363,1363,8,4,4,0,0
frame_1364,1364,9,3,6,0,0
frame_1365,1365,8,4,4,0,0
frame_1366,1366,7,4,3,0,0
frame_1367,1367,8,4,4,0,0
frame_1368,1368,5,2,3,0,0
frame_1369,1369,8,5,3,0,0
frame_1370,1370,5,2,3,0,0
frame_1371,1371,7,4,3,0,0
frame_1372,1372,10,6,4,0,0
frame_1373,1373,9,5,4,0,0
frame_1374,1374,9,3,5,0,1
frame_1375,1375,8,3,4,0,1
frame_1376,1376,10,5,4,0,1
frame_1377,1377,10,5,4,0,1
frame_1378,1378,9,4,4,0,1
frame_1379,1379,12,7,4,0,1
frame_1380,1380,14,8,4,1,1
frame_1381,1381,12,5,4,1,2
frame_1382,1382,11,5,4,1,1
frame_1383,1383,14,5,4,3,2
frame_1384,1384,14,5,4,3,2
frame_1385,1385,14,5,4,3,2
frame_1386,1386,16,5,6,3,2
frame_1387,1387,15,5,5,3,2
frame_1388,1388,13,4,5,3,1
frame_1389,1389,14,5,5,2,2
frame_1390,1390,15,5,5,3,2
frame_1391,1391,15,3,7,4,1
frame_1392,1392,14,3,4,4,3
frame_1393,1393,16,3,6,4,3
frame_1394,1394,14,3,5,4,2
frame_1395,1395,17,4,6,4,3
frame_1396,1396,19,4,8,4,3
frame_1397,1397,15,4,6,2,3
frame_1398,1398,12,3,6,1,2
frame_1399,1399,12,4,5,1,2
frame_1400,1400,14,4,7,1,2
frame_1401,1401,13,4,6,1,2
frame_1402,1402,15,4,7,2,2
frame_1403,1403,17,5,7,3,2
frame_1404,1404,17,5,7,2,3
frame_1405,1405,16,5,7,1,3
frame_1406,1406,16,6,5,2,3
frame_1407,1407,16,6,6,1,3
frame_1408,1408,17,5,8,2,2
frame_1409,1409,16,4,5,4,3
frame_1410,1410,17,4,7,4,2
frame_1411,1411,16,4,7,3,2
frame_1412,1412,15,3,7,3,2
frame_1413,1413,17,4,7,3,3
frame_1414,1414,14,5,7,1,1
frame_1415,1415,13,5,7,0,1
frame_1416,1416,12,4,6,1,1
frame_1417,1417,13,4,6,1,2
frame_1418,1418,13,3,6,2,2
frame_1419,1419,14,5,6,0,3
frame_1420,1420,16,7,7,0,2
frame_1421,1421,14,6,6,0,2
frame_1422,1422,19,9,7,1,2
frame_1423,1423,19,9,5,0,5
frame_1424,1424,17,7,7,0,3
frame_1425,1425,20,7,6,0,7
frame_1426,1426,18,5,7,1,5
frame_1427,1427,20,8,5,1,6
frame_1428,1428,15,3,4,2,6
frame_1429,1429,16,3,4,2,7
frame_1430,1430,17,3,5,3,6
frame_1431,1431,18,3,4,4,7
frame_1432,1432,17,1,5,5,6
frame_1433,1433,16,1,5,3,7
frame_1434,1434,20,1,9,4,6
frame_1435,1435,18,1,7,3,7
frame_1436,1436,18,1,7,3,7
frame_1437,1437,18,2,6,4,6
frame_1438,1438,18,2,7,3,6
frame_1439,1439,16,2,4,4,6
frame_1440,1440,20,3,7,3,7
frame_1441,1441,22,3,8,5,6
frame_1442,1442,19,2,4,5,8
frame_1443,1443,24,4,7,5,8
frame_1444,1444,21,2,5,5,9
frame_1445,1445,24,3,7,5,9
frame_1446,1446,24,2,7,4,11
frame_1447,1447,22,2,5,5,10
frame_1448,1448,24,2,8,6,8
frame_1449,1449,22,2,7,4,9
frame_1450,1450,24,3,7,5,9
frame_1451,1451,25,3,10,4,8
frame_1452,1452,29,4,11,5,9
frame_1453,1453,28,5,10,5,8
frame_1454,1454,25,5,9,4,7
frame_1455,1455,28,6,8,6,8
frame_1456,1456,24,4,9,5,6
frame_1457,1457,26,5,11,4,6
frame_1458,1458,20,3,8,3,6
frame_1459,1459,25,4,10,4,7
frame_1460,1460,24,3,9,4,8
frame_1461,1461,22,4,7,4,7
frame_1462,1462,22,4,7,4,7
frame_1463,1463,21,5,7,4,5
frame_1464,1464,23,6,7,2,8
frame_1465,1465,28,6,8,4,10
frame_1466,1466,23,6,6,5,6
frame_1467,1467,23,6,7,5,5
frame_1468,1468,21,6,4,6,5
frame_1469,1469,21,7,6,5,3
frame_1470,1470,19,6,4,4,5
frame_1471,1471,21,6,6,5,4
frame_1472,1472,21,7,8,3,3
frame_1473,1473,19,6,6,3,4
frame_1474,1474,15,5,6,2,2
frame_1475,1475,17,5,8,1,3
frame_1476,1476,17,7,6,2,2
frame_1477,1477,16,4,9,2,1
frame_1478,1478,16,6,6,1,3
frame_1479,1479,13,3,7,0,3
frame_1480,1480,18,5,11,0,2
frame_1481,1481,16,4,8,0,4
frame_1482,1482,15,2,8,0,5
frame_1483,1483,14,3,6,0,5
frame_1484,1484,8,1,3,0,4
frame_1485,1485,12,3,4,0,5
frame_1486,1486,17,4,4,0,9
frame_1487,1487,11,3,1,0,7
frame_1488,1488,11,1,5,0,5
frame_1489,1489,13,2,6,0,5
frame_1490,1490,13,2,4,0,7
frame_1491,1491,16,2,8,1,5
frame_1492,1492,15,3,4,1,7
frame_1493,1493,9,1,3,0,5
frame_1494,1494,12,2,4,1,5
frame_1495,1495,11,1,4,0,6
frame_1496,1496,13,2,3,1,7
frame_1497,1497,9,1,2,0,6
frame_1498,1498,12,2,2,0,8
frame_1499,1499,11,2,2,1,6
frame_1500,1500,12,2,2,2,6
frame_1501,1501,12,2,2,1,7
frame_1502,1502,12,1,3,3,5
frame_1503,1503,10,2,1,2,5
frame_1504,1504,11,3,2,1,5
frame_1505,1505,9,2,2,1,4
frame_1506,1506,12,2,3,2,5
frame_1507,1507,12,2,2,4,4
frame_1508,1508,14,1,2,3,8
frame_1509,1509,11,0,2,2,7
frame_1510,1510,12,1,2,2,7
frame_1511,1511,15,0,5,3,7
frame_1512,1512,11,1,2,2,6
frame_1513,1513,12,1,2,2,7
frame_1514,1514,15,2,3,3,7
frame_1515,1515,16,3,4,2,7
frame_1516,1516,14,3,3,1,7
frame_1517,1517,20,4,4,4,8
frame_1518,1518,18,4,3,2,9
frame_1519,1519,17,5,2,2,8
frame_1520,1520,18,5,3,3,7
frame_1521,1521,17,6,3,2,6
frame_1522,1522,19,7,4,2,6
frame_1523,1523,19,7,4,1,7
frame_1524,1524,19,8,3,2,6
frame_1525,1525,15,6,3,1,5
frame_1526,1526,15,6,3,0,6
frame_1527,1527,13,4,2,1,6
frame_1528,1528,9,1,2,1,5
frame_1529,1529,8,1,1,0,6
frame_1530,1530,10,2,2,0,6
frame_1531,1531,12,2,4,1,5
frame_1532,1532,11,1,3,2,5
frame_1533,1533,8,1,1,1,5
frame_1534,1534,7,1,2,0,4
frame_1535,1535,10,1,3,2,4
frame_1536,1536,7,1,1,1,4
frame_1537,1537,8,1,1,2,4
frame_1538,1538,11,1,2,3,5
frame_1539,1539,10,1,3,2,4
frame_1540,1540,9,2,2,1,4
frame_1541,1541,9,1,2,1,5
frame_1542,1542,10,1,1,2,6
frame_1543,1543,10,1,2,2,5
frame_1544,1544,13,1,2,3,7
frame_1545,1545,12,0,2,3,7
frame_1546,1546,12,1,2,3,6
frame_1547,1547,14,2,2,4,6
frame_1548,1548,12,1,2,4,5
frame_1549,1549,15,1,2,5,7
frame_1550,1550,14,2,3,3,6
frame_1551,1551,15,1,4,5,5
frame_1552,1552,14,2,3,3,6
frame_1553,1553,15,2,2,4,7
frame_1554,1554,14,2,2,4,6
frame_1555,1555,15,3,3,4,5
frame_1556,1556,15,2,3,2,8
frame_1557,1557,16,3,3,4,6
frame_1558,1558,14,1,2,6,5
frame_1559,1559,16,1,2,5,8
frame_1560,1560,11,2,2,2,5
frame_1561,1561,14,1,3,5,5
frame_1562,1562,17,2,3,5,7
frame_1563,1563,19,1,2,7,9
frame_1564,1564,19,3,2,5,9
frame_1565,1565,15,0,3,4,8
frame_1566,1566,16,0,4,5,7
frame_1567,1567,15,0,4,3,8
frame_1568,1568,15,0,5,3,7
frame_1569,1569,13,0,5,3,5
frame_1570,1570,17,0,6,4,7
frame_1571,1571,17,0,6,4,7
frame_1572,1572,16,0,5,4,7
frame_1573,1573,16,0,5,4,7
frame_1574,1574,16,0,6,3,7
frame_1575,1575,12,0,4,3,5
frame_1576,1576,14,0,5,4,5
frame_1577,1577,15,0,4,6,5
frame_1578,1578,16,1,6,4,5
frame_1579,1579,14,1,3,4,6
frame_1580,1580,16,1,4,6,5
frame_1581,1581,16,1,4,6,5
frame_1582,1582,14,0,4,4,6
frame_1583,1583,12,0,4,3,5
frame_1584,1584,14,1,5,3,5
frame_1585,1585,12,1,4,2,5
frame_1586,1586,14,1,6,3,4
frame_1587,1587,12,1,4,3,4
frame_1588,1588,12,1,4,4,3
frame_1589,1589,12,1,2,6,3
frame_1590,1590,14,1,3,6,4
frame_1591,1591,15,2,3,6,4
frame_1592,1592,14,2,2,6,4
frame_1593,1593,12,2,2,5,3
frame_1594,1594,13,1,3,6,3
frame_1595,1595,12,1,3,4,4
frame_1596,1596,12,1,3,6,2
frame_1597,1597,13,1,4,6,2
frame_1598,1598,11,0,3,5,3
frame_1599,1599,11,0,3,5,3
frame_1600,1600,12,0,4,5,3
frame_1601,1601,14,1,4,6,3
frame_1602,1602,13,1,3,6,3
frame_1603,1603,15,2,3,7,3
frame_1604,1604,12,1,2,5,4
frame_1605,1605,17,1,2,9,5
frame_1606,1606,15,0,2,9,4
frame_1607,1607,21,1,2,12,6
frame_1608,1608,15,1,2,9,3
frame_1609,1609,14,0,2,10,2
frame_1610,1610,17,0,2,11,4
frame_1611,1611,14,0,2,10,2
frame_1612,1612,16,0,3,9,4
frame_1613,1613,16,0,5,8,3
frame_1614,1614,16,0,4,8,4
frame_1615,1615,14,0,5,6,3
frame_1616,1616,13,0,3,7,3
frame_1617,1617,15,0,3,9,3
frame_1618,1618,20,5,3,9,3
frame_1619,1619,17,1,3,10,3
frame_1620,1620,17,1,4,10,2
frame_1621,1621,14,0,4,7,3
frame_1622,1622,13,0,4,6,3
frame_1623,1623,19,1,5,9,4
frame_1624,1624,14,1,5,5,3
frame_1625,1625,13,1,5,6,1
frame_1626,1626,16,1,5,6,4
frame_1627,1627,14,0,5,6,3
frame_1628,1628,13,1,4,6,2
frame_1629,1629,14,0,4,8,2
frame_1630,1630,14,0,5,7,2
frame_1631,1631,16,0,4,9,3
frame_1632,1632,13,0,4,6,3
frame_1633,1633,18,1,6,7,4
frame_1634,1634,13,0,5,5,3
frame_1635,1635,14,1,4,5,4
frame_1636,1636,15,1,5,6,3
frame_1637,1637,14,2,4,5,3
frame_1638,1638,13,0,4,5,4
frame_1639,1639,13,0,4,6,3
frame_1640,1640,16,0,4,7,5
frame_1641,1641,13,0,2,7,4
frame_1642,1642,15,0,3,8,4
frame_1643,1643,14,0,2,8,4
frame_1644,1644,15,0,3,8,4
frame_1645,1645,18,0,3,11,4
frame_1646,1646,18,0,3,10,5
frame_1647,1647,16,0,2,10,4
frame_1648,1648,17,0,4,9,4
frame_1649,1649,18,0,6,7,5
frame_1650,1650,17,0,6,6,5
frame_1651,1651,17,0,5,7,5
frame_1652,1652,19,0,4,9,6
frame_1653,1653,16,0,4,7,5
frame_1654,1654,19,0,5,9,5
frame_1655,1655,19,0,4,10,5
frame_1656,1656,18,0,5,8,5
frame_1657,1657,15,0,4,6,5
frame_1658,1658,20,0,7,8,5
frame_1659,1659,16,0,6,5,5
frame_1660,1660,20,0,7,8,5
frame_1661,1661,17,0,7,6,4
frame_1662,1662,18,0,6,7,5
frame_1663,1663,18,0,7,6,5
frame_1664,1664,17,0,6,6,5
frame_1665,1665,19,0,6,7,6
frame_1666,1666,19,0,7,7,5
frame_1667,1667,18,0,6,8,4
frame_1668,1668,17,0,5,8,4
frame_1669,1669,16,0,4,7,5
frame_1670,1670,15,0,4,6,5
frame_1671,1671,14,0,4,5,5
frame_1672,1672,18,1,5,7,5
frame_1673,1673,16,0,5,7,4
frame_1674,1674,14,0,4,5,5
frame_1675,1675,14,0,3,6,5
frame_1676,1676,14,1,3,5,5
frame_1677,1677,12,1,2,5,4
frame_1678,1678,12,2,2,4,4
frame_1679,1679,17,2,2,6,7
frame_1680,1680,13,0,2,7,4
frame_1681,1681,14,1,2,7,4
frame_1682,1682,14,1,1,8,4
frame_1683,1683,12,1,1,6,4
frame_1684,1684,12,1,2,5,4
frame_1685,1685,13,0,2,6,5
frame_1686,1686,13,0,3,6,4
frame_1687,1687,13,0,2,7,4
frame_1688,1688,13,0,2,7,4
frame_1689,1689,12,0,2,6,4
frame_1690,1690,14,1,2,7,4
frame_1691,1691,12,1,2,5,4
frame_1692,1692,12,1,2,5,4
frame_1693,1693,12,1,2,5,4
frame_1694,1694,11,1,2,5,3
frame_1695,1695,12,1,2,5,4
frame_1696,1696,13,1,2,6,4
frame_1697,1697,11,1,2,5,3
frame_1698,1698,11,1,3,4,3
frame_1699,1699,12,1,3,5,3
frame_1700,1700,11,0,3,5,3
frame_1701,1701,11,0,3,5,3
frame_1702,1702,13,0,3,7,3
frame_1703,1703,13,0,3,7,3
frame_1704,1704,14,0,3,8,3
frame_1705,1705,14,0,4,7,3
frame_1706,1706,14,0,3,8,3
frame_1707,1707,13,0,3,7,3
frame_1708,1708,14,0,3,8,3
frame_1709,1709,14,0,3,8,3
frame_1710,1710,16,0,5,8,3
frame_1711,1711,14,0,4,7,3
frame_1712,1712,14,0,3,8,3
frame_1713,1713,15,0,3,8,4
frame_1714,1714,15,0,2,8,5
frame_1715,1715,12,0,0,8,4
frame_1716,1716,14,2,1,7,4
frame_1717,1717,15,2,1,7,5
frame_1718,1718,13,1,1,7,4
frame_1719,1719,14,1,2,7,4
frame_1720,1720,16,1,3,8,4
frame_1721,1721,16,2,3,8,3
frame_1722,1722,15,2,3,7,3
frame_1723,1723,13,1,3,6,3
frame_1724,1724,13,3,2,5,3
frame_1725,1725,15,2,3,6,4
frame_1726,1726,15,2,3,6,4
frame_1727,1727,16,2,5,6,3
frame_1728,1728,14,2,3,6,3
frame_1729,1729,15,2,5,5,3
frame_1730,1730,16,2,4,6,4
frame_1731,1731,15,2,5,5,3
frame_1732,1732,16,3,5,5,3
frame_1733,1733,16,2,5,6,3
frame_1734,1734,18,2,5,8,3
frame_1735,1735,16,3,5,5,3
frame_1736,1736,17,3,6,5,3
frame_1737,1737,17,3,4,6,4
frame_1738,1738,19,2,5,5,7
frame_1739,1739,18,1,4,7,6
frame_1740,1740,16,0,3,6,7
frame_1741,1741,18,1,3,8,6
frame_1742,1742,17,0,3,8,6
frame_1743,1743,16,0,3,7,6
frame_1744,1744,16,0,4,6,6
frame_1745,1745,16,0,4,6,6
frame_1746,1746,16,0,3,7,6
frame_1747,1747,20,0,4,8,8
frame_1748,1748,22,0,5,9,8
frame_1749,1749,17,0,3,8,6
frame_1750,1750,17,0,2,9,6
frame_1751,1751,18,0,4,8,6
frame_1752,1752,17,0,3,7,7
frame_1753,1753,19,0,4,8,7
frame_1754,1754,18,0,2,8,8
frame_1755,1755,16,0,3,8,5
frame_1756,1756,23,1,4,11,7
frame_1757,1757,23,1,4,10,8
frame_1758,1758,21,1,3,10,7
frame_1759,1759,20,1,2,12,5
frame_1760,1760,17,1,1,11,4
frame_1761,1761,19,1,1,12,5
frame_1762,1762,19,1,2,11,5
frame_1763,1763,19,1,3,12,3
frame_1764,1764,23,1,2,12,8
frame_1765,1765,21,1,5,10,5
frame_1766,1766,18,1,2,10,5
frame_1767,1767,14,0,1,9,4
frame_1768,1768,23,2,2,15,4
frame_1769,1769,20,2,1,13,4
frame_1770,1770,20,3,1,11,5
frame_1771,1771,20,3,1,12,4
frame_1772,1772,19,3,1,10,5
frame_1773,1773,20,5,2,9,4
frame_1774,1774,20,5,0,11,4
frame_1775,1775,20,5,1,9,5
frame_1776,1776,23,5,4,10,4
frame_1777,1777,22,5,1,12,4
frame_1778,1778,22,4,3,10,5
frame_1779,1779,25,5,4,12,4
frame_1780,1780,21,4,2,11,4
frame_1781,1781,19,4,2,8,5
frame_1782,1782,23,4,1,12,6
frame_1783,1783,22,5,1,10,6
frame_1784,1784,24,5,0,13,6
frame_1785,1785,26,4,1,13,8
frame_1786,1786,25,7,0,11,7
frame_1787,1787,23,6,0,11,6
frame_1788,1788,24,7,2,10,5
frame_1789,1789,23,7,2,9,5
frame_1790,1790,24,7,2,11,4
frame_1791,1791,22,8,1,8,5
frame_1792,1792,24,8,2,8,6
frame_1793,1793,24,7,3,8,6
frame_1794,1794,27,7,2,10,8
frame_1795,1795,29,8,2,9,10
frame_1796,1796,30,9,3,8,10
frame_1797,1797,27,6,1,10,10
frame_1798,1798,27,8,1,11,7
frame_1799,1799,30,9,2,10,9
frame_1800,1800,28,6,4,8,10
frame_1801,1801,27,5,4,9,9
frame_1802,1802,26,7,2,9,8
frame_1803,1803,25,6,2,8,9
frame_1804,1804,26,4,2,10,10
frame_1805,1805,22,4,1,9,8
frame_1806,1806,24,4,1,10,9
frame_1807,1807,25,4,1,10,10
frame_1808,1808,25,5,2,10,8
frame_1809,1809,26,5,3,10,8
frame_1810,1810,26,4,3,10,9
frame_1811,1811,26,5,4,10,7
frame_1812,1812,24,4,2,8,10
frame_1813,1813,24,3,5,7,9
frame_1814,1814,25,5,4,6,10
frame_1815,1815,22,4,4,6,8
frame_1816,1816,20,5,1,5,9
frame_1817,1817,23,5,2,6,10
frame_1818,1818,19,2,3,5,9
frame_1819,1819,20,3,1,5,11
frame_1820,1820,23,5,1,6,11
frame_1821,1821,23,4,2,5,12
frame_1822,1822,23,4,3,5,11
frame_1823,1823,24,4,6,6,8
frame_1824,1824,26,5,4,7,10
frame_1825,1825,25,5,7,4,9
frame_1826,1826,30,5,8,6,11
frame_1827,1827,25,4,6,4,11
frame_1828,1828,23,3,6,4,10
frame_1829,1829,21,2,4,5,10
frame_1830,1830,24,3,5,6,10
frame_1831,1831,25,3,5,7,10
frame_1832,1832,19,0,5,5,9
frame_1833,1833,20,1,5,4,10
frame_1834,1834,20,0,5,3,12
frame_1835,1835,22,0,5,5,12
frame_1836,1836,25,0,8,5,12
frame_1837,1837,22,0,5,6,11
frame_1838,1838,21,0,3,8,10
frame_1839,1839,22,1,3,8,10
frame_1840,1840,21,0,4,7,10
frame_1841,1841,21,0,6,5,10
frame_1842,1842,22,1,5,4,12
frame_1843,1843,21,1,4,6,10
frame_1844,1844,22,0,3,7,12
frame_1845,1845,20,0,2,8,10
frame_1846,1846,19,1,1,7,10
frame_1847,1847,19,1,2,6,10
frame_1848,1848,19,1,2,7,9
frame_1849,1849,20,1,1,8,10
frame_1850,1850,21,2,1,7,11
frame_1851,1851,17,1,1,6,9
frame_1852,1852,17,1,0,6,10
frame_1853,1853,20,1,1,7,11
frame_1854,1854,24,1,1,7,15
frame_1855,1855,19,0,3,5,11
frame_1856,1856,20,0,3,6,11
frame_1857,1857,18,0,3,5,10
frame_1858,1858,21,0,2,5,14
frame_1859,1859,20,1,2,5,12
frame_1860,1860,17,2,3,4,8
frame_1861,1861,17,2,3,2,10
frame_1862,1862,18,2,3,2,11
frame_1863,1863,19,2,4,2,11
frame_1864,1864,18,2,4,3,9
frame_1865,1865,18,1,5,3,9
frame_1866,1866,19,1,5,2,11
frame_1867,1867,17,1,5,2,9
frame_1868,1868,16,1,3,3,9
frame_1869,1869,15,2,4,2,7
frame_1870,1870,17,2,3,2,10
frame_1871,1871,15,3,3,3,6
frame_1872,1872,17,3,3,2,9
frame_1873,1873,15,3,2,1,9
frame_1874,1874,16,3,2,2,9
frame_1875,1875,20,2,6,1,11
frame_1876,1876,18,3,4,2,9
frame_1877,1877,20,5,5,3,7
frame_1878,1878,18,4,5,2,7
frame_1879,1879,16,4,5,3,4
frame_1880,1880,17,4,7,2,4
