audio_frame_idx,start_time_sec,end_time_sec,top_class,top_score,avg_score,max_score
0,0.000000,0.480024,Speech,0.969714,0.002131,0.969714
1,0.480024,0.960049,Speech,0.875546,0.002638,0.875546
2,0.960049,1.440073,Speech,0.718224,0.001608,0.718224
3,1.440073,1.920098,Speech,0.994906,0.002062,0.994906
4,1.920098,2.400122,Speech,0.872355,0.002240,0.872355
5,2.400122,2.880147,Speech,0.416650,0.001569,0.416650
6,2.880147,3.360171,Speech,0.922871,0.002052,0.922871
7,3.360171,3.840196,Speech,0.951264,0.001907,0.951264
8,3.840196,4.320220,Speech,0.940560,0.001955,0.940560
9,4.320220,4.800245,Speech,0.739915,0.002142,0.739915
10,4.800245,5.280269,Speech,0.896322,0.002251,0.896322
11,5.280269,5.760294,Speech,0.462870,0.001096,0.462870
12,5.760294,6.240318,Speech,0.680455,0.001710,0.680455
13,6.240318,6.720343,Speech,0.996513,0.001984,0.996513
14,6.720343,7.200367,Speech,0.975311,0.001904,0.975311
15,7.200367,7.680392,Speech,0.868629,0.001912,0.868629
16,7.680392,8.160416,Speech,0.912418,0.002114,0.912418
17,8.160416,8.640441,Speech,0.849304,0.001935,0.849304
18,8.640441,9.120465,Speech,0.965184,0.002115,0.965184
19,9.120465,9.600490,Speech,0.906076,0.001997,0.906076
20,9.600490,10.080514,Speech,0.611343,0.001525,0.611343
21,10.080514,10.560539,Speech,0.960174,0.002016,0.960174
22,10.560539,11.040563,Speech,0.954868,0.001935,0.954868
23,11.040563,11.520588,Speech,0.987575,0.001972,0.987575
24,11.520588,12.000612,Speech,0.924026,0.001953,0.924026
25,12.000612,12.480637,Speech,0.488152,0.001764,0.488152
26,12.480637,12.960661,Speech,0.991957,0.001979,0.991957
27,12.960661,13.440686,Speech,0.983779,0.001973,0.983779
28,13.440686,13.920710,Speech,0.987570,0.001973,0.987570
29,13.920710,14.400735,Speech,0.864982,0.001897,0.864982
30,14.400735,14.880759,Speech,0.587337,0.001932,0.587337
31,14.880759,15.360783,Speech,0.715041,0.001747,0.715041
32,15.360783,15.840808,Speech,0.874884,0.002141,0.874884
33,15.840808,16.320832,Speech,0.913818,0.001924,0.913818
34,16.320832,16.800857,Speech,0.149279,0.000836,0.149279
35,16.800857,17.280881,Speech,0.807311,0.001763,0.807311
36,17.280881,17.760906,Speech,0.949620,0.001946,0.949620
37,17.760906,18.240930,Speech,0.976401,0.002013,0.976401
38,18.240930,18.720955,Speech,0.982650,0.002016,0.982650
39,18.720955,19.200979,Speech,0.993103,0.002041,0.993103
40,19.200979,19.681004,Speech,0.993641,0.002029,0.993641
41,19.681004,20.161028,Speech,0.960286,0.002049,0.960286
42,20.161028,20.641053,Speech,0.896843,0.002090,0.896843
43,20.641053,21.121077,Speech,0.939393,0.002009,0.939393
44,21.121077,21.601102,Speech,0.776347,0.001674,0.776347
45,21.601102,22.081126,Speech,0.361835,0.001120,0.361835
46,22.081126,22.561151,Speech,0.310162,0.002108,0.310162
47,22.561151,23.041175,Speech,0.622400,0.001769,0.622400
48,23.041175,23.521200,Speech,0.657544,0.002030,0.657544
49,23.521200,24.001224,Speech,0.780657,0.001825,0.780657
50,24.001224,24.481249,Speech,0.565114,0.001494,0.565114
51,24.481249,24.961273,Speech,0.521110,0.001471,0.521110
52,24.961273,25.441298,Speech,0.898363,0.001948,0.898363
53,25.441298,25.921322,Speech,0.915303,0.001974,0.915303
54,25.921322,26.401347,Speech,0.165772,0.000814,0.165772
55,26.401347,26.881371,Speech,0.498504,0.001233,0.498504
56,26.881371,27.361396,Speech,0.592645,0.001498,0.592645
57,27.361396,27.841420,Speech,0.282557,0.001089,0.282557
58,27.841420,28.321445,Speech,0.824970,0.001950,0.824970
59,28.321445,28.801469,Speech,0.930387,0.001984,0.930387
60,28.801469,29.281493,Speech,0.700658,0.001520,0.700658
61,29.281493,29.761518,Speech,0.706533,0.002669,0.706533
62,29.761518,30.241542,Speech,0.791087,0.001917,0.791087
63,30.241542,30.721567,Speech,0.643394,0.001903,0.643394
64,30.721567,31.201591,Rail transport,0.136458,0.002160,0.136458
65,31.201591,31.681616,Speech,0.098218,0.001407,0.098218
66,31.681616,32.161640,Speech,0.708022,0.001648,0.708022
67,32.161640,32.641665,Speech,0.781375,0.002126,0.781375
68,32.641665,33.121689,Speech,0.382382,0.001366,0.382382
69,33.121689,33.601714,Speech,0.620546,0.002022,0.620546
70,33.601714,34.081738,Speech,0.576936,0.002414,0.576936
71,34.081738,34.561763,Speech,0.634876,0.001918,0.634876
72,34.561763,35.041787,Speech,0.842589,0.001944,0.842589
73,35.041787,35.521812,Speech,0.976720,0.002035,0.976720
74,35.521812,36.001836,Speech,0.921867,0.002004,0.921867
75,36.001836,36.481861,Speech,0.946692,0.002301,0.946692
76,36.481861,36.961885,Speech,0.986469,0.002156,0.986469
77,36.961885,37.441910,Speech,0.981356,0.002149,0.981356
78,37.441910,37.921934,Speech,0.988651,0.002161,0.988651
79,37.921934,38.401959,Speech,0.665347,0.001372,0.665347
80,38.401959,38.881983,Speech,0.929962,0.001948,0.929962
81,38.881983,39.362008,Speech,0.944061,0.001942,0.944061
82,39.362008,39.842032,Speech,0.864661,0.001831,0.864661
83,39.842032,40.322057,Speech,0.935137,0.002008,0.935137
84,40.322057,40.802081,Speech,0.957362,0.002089,0.957362
85,40.802081,41.282106,Speech,0.988014,0.002015,0.988014
86,41.282106,41.762130,Speech,0.960088,0.002007,0.960088
87,41.762130,42.242155,Speech,0.939207,0.002048,0.939207
88,42.242155,42.722179,Speech,0.859254,0.002534,0.859254
89,42.722179,43.202204,Speech,0.948944,0.002124,0.948944
90,43.202204,43.682228,Speech,0.960313,0.001987,0.960313
91,43.682228,44.162252,Speech,0.990317,0.002115,0.990317
92,44.162252,44.642277,Speech,0.976297,0.002121,0.976297
93,44.642277,45.122301,Speech,0.981044,0.001990,0.981044
94,45.122301,45.602326,Speech,0.791379,0.002101,0.791379
95,45.602326,46.082350,Speech,0.977422,0.002094,0.977422
96,46.082350,46.562375,Speech,0.966877,0.002011,0.966877
97,46.562375,47.042399,Speech,0.806542,0.001996,0.806542
98,47.042399,47.522424,Speech,0.215850,0.001045,0.215850
99,47.522424,48.002448,Speech,0.872793,0.001917,0.872793
100,48.002448,48.482473,Speech,0.927499,0.001935,0.927499
101,48.482473,48.962497,Speech,0.868735,0.001973,0.868735
102,48.962497,49.442522,Speech,0.884695,0.002223,0.884695
103,49.442522,49.922546,Speech,0.793555,0.002134,0.793555
104,49.922546,50.402571,Speech,0.552067,0.001588,0.552067
105,50.402571,50.882595,Speech,0.834244,0.001899,0.834244
106,50.882595,51.362620,Speech,0.703931,0.001594,0.703931
107,51.362620,51.842644,Speech,0.951315,0.002000,0.951315
108,51.842644,52.322669,Speech,0.809164,0.001965,0.809164
109,52.322669,52.802693,Speech,0.290528,0.002087,0.290528
110,52.802693,53.282718,Speech,0.825506,0.001862,0.825506
111,53.282718,53.762742,Speech,0.833081,0.002301,0.833081
112,53.762742,54.242767,Speech,0.948724,0.002125,0.948724
113,54.242767,54.722791,Speech,0.931214,0.002130,0.931214
114,54.722791,55.202816,Speech,0.923174,0.003330,0.923174
115,55.202816,55.682840,Speech,0.553828,0.002778,0.553828
116,55.682840,56.162865,Speech,0.851835,0.001842,0.851835
117,56.162865,56.642889,Speech,0.856714,0.002282,0.856714
118,56.642889,57.122914,Speech,0.195649,0.000792,0.195649
119,57.122914,57.602938,Speech,0.916887,0.002082,0.916887
120,57.602938,58.082963,Speech,0.526255,0.001500,0.526255
121,58.082963,58.562987,Speech,0.461894,0.001620,0.461894
122,58.562987,59.043011,Clip-clop,0.210453,0.002763,0.210453
123,59.043011,59.523036,Speech,0.374033,0.001494,0.374033
124,59.523036,60.003060,Speech,0.893431,0.001904,0.893431
125,60.003060,60.483085,Speech,0.899829,0.001843,0.899829
126,60.483085,60.963109,Speech,0.708446,0.001851,0.708446
127,60.963109,61.443134,"Outside, urban or manmade",0.096083,0.001882,0.096083
128,61.443134,61.923158,Speech,0.112596,0.001570,0.112596
129,61.923158,62.403183,Speech,0.314246,0.001321,0.314246
130,62.403183,62.883207,Speech,0.938692,0.001942,0.938692
131,62.883207,63.363232,Speech,0.940341,0.002000,0.940341
132,63.363232,63.843256,Speech,0.958660,0.001999,0.958660
133,63.843256,64.323281,Speech,0.947015,0.001923,0.947015
134,64.323281,64.803305,Speech,0.952008,0.002018,0.952008
135,64.803305,65.283330,Speech,0.885744,0.001890,0.885744
136,65.283330,65.763354,Speech,0.977752,0.002009,0.977752
137,65.763354,66.243379,Speech,0.918793,0.001839,0.918793
138,66.243379,66.723403,Speech,0.540263,0.001580,0.540263
139,66.723403,67.203428,Speech,0.933510,0.001911,0.933510
140,67.203428,67.683452,Speech,0.838449,0.001813,0.838449
141,67.683452,68.163477,Speech,0.583717,0.001326,0.583717
142,68.163477,68.643501,Speech,0.554315,0.001232,0.554315
143,68.643501,69.123526,Speech,0.614074,0.001434,0.614074
144,69.123526,69.603550,Speech,0.976452,0.001963,0.976452
145,69.603550,70.083575,Speech,0.987023,0.002073,0.987023
146,70.083575,70.563599,Speech,0.885718,0.001868,0.885718
147,70.563599,71.043624,Speech,0.265091,0.000995,0.265091
148,71.043624,71.523648,Speech,0.865986,0.002006,0.865986
149,71.523648,72.003673,Speech,0.844588,0.001745,0.844588
150,72.003673,72.483697,Speech,0.942310,0.001959,0.942310
151,72.483697,72.963721,Speech,0.916741,0.002263,0.916741
152,72.963721,73.443746,Speech,0.971822,0.002019,0.971822
153,73.443746,73.923770,Speech,0.987664,0.002104,0.987664
154,73.923770,74.403795,Speech,0.969405,0.002091,0.969405
155,74.403795,74.883819,Speech,0.989078,0.002045,0.989078
156,74.883819,75.363844,Speech,0.574719,0.001412,0.574719
157,75.363844,75.843868,Speech,0.826682,0.002018,0.826682
158,75.843868,76.323893,Speech,0.823292,0.002179,0.823292
159,76.323893,76.803917,Speech,0.941713,0.002061,0.941713
160,76.803917,77.283942,Speech,0.972855,0.001992,0.972855
161,77.283942,77.763966,Speech,0.936167,0.002180,0.936167
162,77.763966,78.243991,Speech,0.829266,0.001818,0.829266
163,78.243991,78.724015,Speech,0.172680,0.000672,0.172680
164,78.724015,79.204040,Speech,0.848953,0.001897,0.848953
165,79.204040,79.684064,Speech,0.928610,0.002025,0.928610
166,79.684064,80.164089,Speech,0.908694,0.001906,0.908694
167,80.164089,80.644113,Speech,0.960064,0.002039,0.960064
168,80.644113,81.124138,Speech,0.922822,0.002019,0.922822
169,81.124138,81.604162,Speech,0.409468,0.000990,0.409468
170,81.604162,82.084187,Speech,0.301134,0.001006,0.301134
171,82.084187,82.564211,Speech,0.774831,0.001608,0.774831
172,82.564211,83.044236,Speech,0.278758,0.001637,0.278758
173,83.044236,83.524260,Speech,0.828026,0.001903,0.828026
174,83.524260,84.004285,Speech,0.973155,0.002257,0.973155
175,84.004285,84.484309,Speech,0.994285,0.002022,0.994285
176,84.484309,84.964334,Speech,0.994903,0.001977,0.994903
177,84.964334,85.444358,Speech,0.917823,0.002035,0.917823
178,85.444358,85.924383,Speech,0.457675,0.001899,0.457675
179,85.924383,86.404407,Dog,0.380604,0.002674,0.380604
180,86.404407,86.884432,Speech,0.789918,0.001736,0.789918
181,86.884432,87.364456,Speech,0.906811,0.002053,0.906811
182,87.364456,87.844480,Speech,0.913456,0.002010,0.913456
183,87.844480,88.324505,Speech,0.976114,0.002249,0.976114
184,88.324505,88.804529,Speech,0.853469,0.001917,0.853469
185,88.804529,89.284554,Speech,0.413901,0.003341,0.413901
186,89.284554,89.764578,Speech,0.921777,0.002110,0.921777
187,89.764578,90.244603,Speech,0.561855,0.001789,0.561855
188,90.244603,90.724627,Speech,0.742403,0.001791,0.742403
189,90.724627,91.204652,Speech,0.757146,0.001841,0.757146
190,91.204652,91.684676,Music,0.104315,0.000886,0.104315
191,91.684676,92.164701,Speech,0.296463,0.001707,0.296463
192,92.164701,92.644725,Speech,0.498705,0.001372,0.498705
193,92.644725,93.124750,Speech,0.539411,0.001398,0.539411
194,93.124750,93.604774,Speech,0.343221,0.001468,0.343221
195,93.604774,94.084799,Speech,0.495124,0.001403,0.495124
196,94.084799,94.564823,Speech,0.467869,0.001350,0.467869
197,94.564823,95.044848,Speech,0.269547,0.001301,0.269547
198,95.044848,95.524872,Sliding door,0.823735,0.005094,0.823735
199,95.524872,96.004897,Clip-clop,0.394609,0.002686,0.394609
200,96.004897,96.484921,Speech,0.773018,0.001767,0.773018
201,96.484921,96.964946,Speech,0.464670,0.001342,0.464670
202,96.964946,97.444970,Speech,0.257440,0.001503,0.257440
203,97.444970,97.924995,Speech,0.235949,0.000904,0.235949
204,97.924995,98.405019,Speech,0.343133,0.001125,0.343133
205,98.405019,98.885044,Speech,0.809731,0.001828,0.809731
206,98.885044,99.365068,Speech,0.585275,0.001498,0.585275
207,99.365068,99.845093,Speech,0.849558,0.001883,0.849558
208,99.845093,100.325117,Speech,0.826732,0.001952,0.826732
209,100.325117,100.805142,Speech,0.837738,0.002090,0.837738
210,100.805142,101.285166,Speech,0.600919,0.001741,0.600919
211,101.285166,101.765191,Speech,0.869448,0.001949,0.869448
212,101.765191,102.245215,Speech,0.652760,0.001966,0.652760
213,102.245215,102.725239,Speech,0.253286,0.001278,0.253286
214,102.725239,103.205264,Speech,0.853309,0.002033,0.853309
215,103.205264,103.685288,Speech,0.479652,0.002001,0.479652
216,103.685288,104.165313,Speech,0.711788,0.001855,0.711788
217,104.165313,104.645337,Speech,0.907831,0.001910,0.907831
218,104.645337,105.125362,Speech,0.988479,0.002029,0.988479
219,105.125362,105.605386,Speech,0.994003,0.001967,0.994003
220,105.605386,106.085411,Speech,0.851013,0.002131,0.851013
221,106.085411,106.565435,Speech,0.576562,0.001571,0.576562
222,106.565435,107.045460,Speech,0.978366,0.001937,0.978366
223,107.045460,107.525484,Speech,0.937579,0.002008,0.937579
224,107.525484,108.005509,Speech,0.661335,0.001598,0.661335
225,108.005509,108.485533,Sliding door,0.525207,0.004870,0.525207
226,108.485533,108.965558,Speech,0.292802,0.001354,0.292802
227,108.965558,109.445582,Speech,0.243758,0.001524,0.243758
228,109.445582,109.925607,Mechanisms,0.081387,0.002790,0.081387
229,109.925607,110.405631,Sliding door,0.192376,0.004196,0.192376
230,110.405631,110.885656,Sliding door,0.154147,0.002451,0.154147
231,110.885656,111.365680,Speech,0.922923,0.001947,0.922923
232,111.365680,111.845705,Speech,0.937567,0.002168,0.937567
233,111.845705,112.325729,Speech,0.966592,0.002014,0.966592
234,112.325729,112.805754,Speech,0.957295,0.002001,0.957295
235,112.805754,113.285778,Speech,0.509539,0.001513,0.509539
236,113.285778,113.765803,Speech,0.983910,0.001935,0.983910
237,113.765803,114.245827,Speech,0.863778,0.001862,0.863778
238,114.245827,114.725852,Speech,0.497925,0.001214,0.497925
239,114.725852,115.205876,Speech,0.962935,0.002044,0.962935
240,115.205876,115.685901,Speech,0.822951,0.001996,0.822951
241,115.685901,116.165925,Speech,0.872003,0.002071,0.872003
242,116.165925,116.645950,Speech,0.468105,0.001488,0.468105
243,116.645950,117.125974,Speech,0.153216,0.001678,0.153216
244,117.125974,117.605998,Vehicle,0.143107,0.003710,0.143107
245,117.605998,118.086023,Vehicle,0.162014,0.003478,0.162014
246,118.086023,118.566047,Speech,0.802910,0.002244,0.802910
247,118.566047,119.046072,Speech,0.705296,0.001858,0.705296
248,119.046072,119.526096,Speech,0.684031,0.001995,0.684031
249,119.526096,120.006121,Speech,0.901184,0.001998,0.901184
250,120.006121,120.486145,Speech,0.863757,0.001922,0.863757
251,120.486145,120.966170,Speech,0.955299,0.002420,0.955299
252,120.966170,121.446194,Speech,0.944560,0.003086,0.944560
253,121.446194,121.926219,Speech,0.926929,0.002266,0.926929
254,121.926219,122.406243,Speech,0.189499,0.003190,0.189499
255,122.406243,122.886268,"Rodents, rats, mice",0.384001,0.005048,0.384001
256,122.886268,123.366292,Speech,0.509072,0.001370,0.509072
257,123.366292,123.846317,Speech,0.783920,0.001813,0.783920
258,123.846317,124.326341,Speech,0.508371,0.001692,0.508371
259,124.326341,124.806366,Music,0.095117,0.000594,0.095117
260,124.806366,125.286390,Speech,0.883782,0.001890,0.883782
261,125.286390,125.766415,Speech,0.554084,0.001460,0.554084
262,125.766415,126.246439,Speech,0.504500,0.001187,0.504500
263,126.246439,126.726464,Speech,0.533607,0.001767,0.533607
264,126.726464,127.206488,Speech,0.672775,0.001806,0.672775
265,127.206488,127.686513,Speech,0.748702,0.001883,0.748702
266,127.686513,128.166537,Speech,0.772382,0.002065,0.772382
267,128.166537,128.646562,Speech,0.734892,0.002128,0.734892
268,128.646562,129.126586,Speech,0.856175,0.002513,0.856175
269,129.126586,129.606611,Speech,0.938486,0.002124,0.938486
270,129.606611,130.086635,Speech,0.899691,0.001971,0.899691
271,130.086635,130.566660,Speech,0.835405,0.002183,0.835405
272,130.566660,131.046684,Speech,0.883279,0.001906,0.883279
273,131.046684,131.526708,Speech,0.704232,0.001691,0.704232
274,131.526708,132.006733,Speech,0.432242,0.001014,0.432242
275,132.006733,132.486757,Speech,0.856510,0.001915,0.856510
276,132.486757,132.966782,Speech,0.867222,0.001962,0.867222
277,132.966782,133.446806,Speech,0.859218,0.001995,0.859218
278,133.446806,133.926831,Speech,0.456627,0.001628,0.456627
279,133.926831,134.406855,Speech,0.891835,0.001964,0.891835
280,134.406855,134.886880,Speech,0.983963,0.002047,0.983963
281,134.886880,135.366904,Speech,0.982339,0.002031,0.982339
282,135.366904,135.846929,Speech,0.789091,0.001647,0.789091
283,135.846929,136.326953,Speech,0.277706,0.001627,0.277706
284,136.326953,136.806978,Animal,0.116199,0.001532,0.116199
285,136.806978,137.287002,Speech,0.883147,0.001934,0.883147
286,137.287002,137.767027,Speech,0.966380,0.002057,0.966380
287,137.767027,138.247051,Speech,0.925520,0.001998,0.925520
288,138.247051,138.727076,Speech,0.962799,0.001954,0.962799
289,138.727076,139.207100,Speech,0.849579,0.001990,0.849579
290,139.207100,139.687125,Speech,0.938305,0.002076,0.938305
291,139.687125,140.167149,Speech,0.486744,0.001389,0.486744
292,140.167149,140.647174,Speech,0.547689,0.001813,0.547689
293,140.647174,141.127198,Speech,0.745351,0.001720,0.745351
294,141.127198,141.607223,Speech,0.944231,0.002009,0.944231
295,141.607223,142.087247,Speech,0.954361,0.002213,0.954361
296,142.087247,142.567272,Speech,0.927909,0.002650,0.927909
297,142.567272,143.047296,Speech,0.864918,0.002208,0.864918
298,143.047296,143.527321,Speech,0.500240,0.002076,0.500240
299,143.527321,144.007345,Speech,0.612353,0.001683,0.612353
300,144.007345,144.487370,Speech,0.909555,0.001871,0.909555
301,144.487370,144.967394,Speech,0.687302,0.001543,0.687302
302,144.967394,145.447419,Speech,0.244561,0.001174,0.244561
303,145.447419,145.927443,Speech,0.406995,0.001305,0.406995
304,145.927443,146.407467,Speech,0.818797,0.002025,0.818797
305,146.407467,146.887492,Speech,0.648946,0.002446,0.648946
306,146.887492,147.367516,Speech,0.915705,0.001898,0.915705
307,147.367516,147.847541,Speech,0.596796,0.002159,0.596796
308,147.847541,148.327565,Speech,0.232800,0.001251,0.232800
309,148.327565,148.807590,Speech,0.799458,0.001777,0.799458
310,148.807590,149.287614,Speech,0.700894,0.001994,0.700894
311,149.287614,149.767639,Speech,0.733937,0.002164,0.733937
312,149.767639,150.247663,Speech,0.921764,0.002018,0.921764
313,150.247663,150.727688,Speech,0.935884,0.002892,0.935884
314,150.727688,151.207712,Speech,0.918757,0.002921,0.918757
315,151.207712,151.687737,Speech,0.211499,0.001494,0.211499
316,151.687737,152.167761,Speech,0.763988,0.001946,0.763988
317,152.167761,152.647786,Speech,0.920987,0.002654,0.920987
318,152.647786,153.127810,Speech,0.692215,0.001794,0.692215
319,153.127810,153.607835,Speech,0.856354,0.002111,0.856354
320,153.607835,154.087859,Speech,0.995777,0.002075,0.995777
321,154.087859,154.567884,Speech,0.955823,0.002092,0.955823
322,154.567884,155.047908,Speech,0.950916,0.002118,0.950916
323,155.047908,155.527933,Speech,0.982547,0.002039,0.982547
324,155.527933,156.007957,Speech,0.982100,0.002456,0.982100
325,156.007957,156.487982,Speech,0.889813,0.002310,0.889813
326,156.487982,156.968006,Speech,0.414539,0.002204,0.414539
327,156.968006,157.448031,Speech,0.809498,0.002023,0.809498
328,157.448031,157.928055,Speech,0.096381,0.000990,0.096381
329,157.928055,158.408080,Speech,0.229540,0.001008,0.229540
330,158.408080,158.888104,Speech,0.622652,0.002302,0.622652
331,158.888104,159.368129,Speech,0.199900,0.001182,0.199900
332,159.368129,159.848153,Speech,0.642564,0.001855,0.642564
333,159.848153,160.328178,Speech,0.924227,0.002194,0.924227
334,160.328178,160.808202,Speech,0.958909,0.002111,0.958909
335,160.808202,161.288226,Speech,0.897822,0.002132,0.897822
336,161.288226,161.768251,Speech,0.938612,0.002062,0.938612
337,161.768251,162.248275,Speech,0.949924,0.002064,0.949924
338,162.248275,162.728300,Speech,0.870795,0.001914,0.870795
339,162.728300,163.208324,Speech,0.901736,0.002322,0.901736
340,163.208324,163.688349,Speech,0.966214,0.002026,0.966214
341,163.688349,164.168373,Speech,0.971871,0.002175,0.971871
342,164.168373,164.648398,Speech,0.680932,0.001885,0.680932
343,164.648398,165.128422,Bus,0.471967,0.002354,0.471967
344,165.128422,165.608447,Speech,0.984527,0.002027,0.984527
345,165.608447,166.088471,Speech,0.966433,0.002181,0.966433
346,166.088471,166.568496,Speech,0.984035,0.002180,0.984035
347,166.568496,167.048520,Speech,0.969855,0.002074,0.969855
348,167.048520,167.528545,Speech,0.986655,0.002135,0.986655
349,167.528545,168.008569,Speech,0.943358,0.002200,0.943358
350,168.008569,168.488594,Speech,0.962450,0.002188,0.962450
351,168.488594,168.968618,Speech,0.729855,0.002124,0.729855
352,168.968618,169.448643,Speech,0.956224,0.002159,0.956224
353,169.448643,169.928667,Speech,0.966835,0.002097,0.966835
354,169.928667,170.408692,Speech,0.767075,0.001932,0.767075
355,170.408692,170.888716,Speech,0.969635,0.002144,0.969635
356,170.888716,171.368741,Speech,0.814960,0.002400,0.814960
357,171.368741,171.848765,Speech,0.640394,0.002286,0.640394
358,171.848765,172.328790,Speech,0.966465,0.002084,0.966465
359,172.328790,172.808814,Speech,0.967404,0.001976,0.967404
360,172.808814,173.288839,Speech,0.893855,0.001919,0.893855
361,173.288839,173.768863,Speech,0.441613,0.001524,0.441613
362,173.768863,174.248888,Speech,0.862068,0.002019,0.862068
363,174.248888,174.728912,Speech,0.883428,0.001868,0.883428
364,174.728912,175.208936,Speech,0.758493,0.001817,0.758493
365,175.208936,175.688961,Speech,0.901104,0.002055,0.901104
366,175.688961,176.168985,Speech,0.829946,0.001937,0.829946
367,176.168985,176.649010,Speech,0.236908,0.001571,0.236908
368,176.649010,177.129034,Vehicle,0.633037,0.003098,0.633037
369,177.129034,177.609059,Vehicle,0.196970,0.001526,0.196970
370,177.609059,178.089083,Speech,0.206752,0.002448,0.206752
371,178.089083,178.569108,Vehicle,0.177128,0.003106,0.177128
372,178.569108,179.049132,Vehicle,0.159322,0.002128,0.159322
373,179.049132,179.529157,Vehicle,0.197315,0.002898,0.197315
374,179.529157,180.009181,Speech,0.149874,0.001045,0.149874
375,180.009181,180.489206,Speech,0.836699,0.001930,0.836699
376,180.489206,180.969230,Speech,0.950337,0.002074,0.950337
377,180.969230,181.449255,Speech,0.835000,0.002016,0.835000
378,181.449255,181.929279,Speech,0.883865,0.002069,0.883865
379,181.929279,182.409304,Speech,0.984580,0.002166,0.984580
380,182.409304,182.889328,Speech,0.974597,0.002125,0.974597
381,182.889328,183.369353,Speech,0.794265,0.001760,0.794265
382,183.369353,183.849377,Speech,0.919231,0.001983,0.919231
383,183.849377,184.329402,Speech,0.960108,0.002202,0.960108
384,184.329402,184.809426,Speech,0.837965,0.002527,0.837965
385,184.809426,185.289451,Speech,0.928446,0.001988,0.928446
386,185.289451,185.769475,Speech,0.769516,0.001782,0.769516
387,185.769475,186.249500,Speech,0.933373,0.002079,0.933373
388,186.249500,186.729524,Speech,0.993746,0.001971,0.993746
389,186.729524,187.209549,Speech,0.978225,0.001996,0.978225
390,187.209549,187.689573,Speech,0.557820,0.001490,0.557820
391,187.689573,188.169598,Speech,0.882135,0.001865,0.882135
392,188.169598,188.649622,Speech,0.793736,0.002350,0.793736
393,188.649622,189.129647,Speech,0.741030,0.002351,0.741030
394,189.129647,189.609671,Speech,0.995485,0.002029,0.995485
395,189.609671,190.089695,Speech,0.981165,0.002019,0.981165
396,190.089695,190.569720,Speech,0.995414,0.002045,0.995414
397,190.569720,191.049744,Speech,0.863615,0.002008,0.863615
398,191.049744,191.529769,Speech,0.722308,0.001937,0.722308
399,191.529769,192.009793,Wild animals,0.527096,0.003720,0.527096
400,192.009793,192.489818,Animal,0.210624,0.003316,0.210624
401,192.489818,192.969842,Speech,0.434052,0.001398,0.434052
402,192.969842,193.449867,Speech,0.661737,0.001864,0.661737
403,193.449867,193.929891,Speech,0.636401,0.001821,0.636401
404,193.929891,194.409916,Speech,0.860473,0.002006,0.860473
405,194.409916,194.889940,Speech,0.930786,0.002142,0.930786
406,194.889940,195.369965,Speech,0.874868,0.001901,0.874868
407,195.369965,195.849989,Speech,0.794494,0.002015,0.794494
408,195.849989,196.330014,Speech,0.918763,0.002192,0.918763
409,196.330014,196.810038,Speech,0.964612,0.002181,0.964612
410,196.810038,197.290063,Speech,0.914620,0.002145,0.914620
411,197.290063,197.770087,Speech,0.809941,0.002108,0.809941
412,197.770087,198.250112,Speech,0.832752,0.002466,0.832752
413,198.250112,198.730136,Speech,0.895963,0.002114,0.895963
414,198.730136,199.210161,Speech,0.811751,0.001890,0.811751
415,199.210161,199.690185,Speech,0.774078,0.002416,0.774078
416,199.690185,200.170210,Speech,0.492796,0.001743,0.492796
417,200.170210,200.650234,Speech,0.072495,0.000941,0.072495
418,200.650234,201.130259,Speech,0.656468,0.001779,0.656468
419,201.130259,201.610283,Speech,0.868170,0.002231,0.868170
420,201.610283,202.090308,Speech,0.899640,0.002450,0.899640
421,202.090308,202.570332,Speech,0.845779,0.002287,0.845779
422,202.570332,203.050357,Speech,0.869240,0.002092,0.869240
423,203.050357,203.530381,Speech,0.801699,0.001957,0.801699
424,203.530381,204.010406,Speech,0.835025,0.001997,0.835025
425,204.010406,204.490430,Speech,0.745901,0.002370,0.745901
426,204.490430,204.970454,Speech,0.472689,0.002761,0.472689
427,204.970454,205.450479,Speech,0.682340,0.002272,0.682340
428,205.450479,205.930503,Speech,0.740771,0.002473,0.740771
429,205.930503,206.410528,Water,0.361250,0.005151,0.361250
430,206.410528,206.890552,Music,0.112315,0.001731,0.112315
431,206.890552,207.370577,Speech,0.738859,0.002571,0.738859
432,207.370577,207.850601,Speech,0.825607,0.001928,0.825607
433,207.850601,208.330626,Speech,0.903651,0.002337,0.903651
434,208.330626,208.810650,Speech,0.886577,0.001993,0.886577
435,208.810650,209.290675,Speech,0.960623,0.002108,0.960623
436,209.290675,209.770699,Speech,0.867217,0.001911,0.867217
437,209.770699,210.250724,Snake,0.173017,0.002003,0.173017
438,210.250724,210.730748,Speech,0.949840,0.002166,0.949840
439,210.730748,211.210773,Speech,0.908147,0.001954,0.908147
440,211.210773,211.690797,Speech,0.924928,0.002121,0.924928
441,211.690797,212.170822,Speech,0.907340,0.002321,0.907340
442,212.170822,212.650846,Speech,0.910892,0.002106,0.910892
443,212.650846,213.130871,Speech,0.833104,0.001944,0.833104
444,213.130871,213.610895,Speech,0.883599,0.002070,0.883599
445,213.610895,214.090920,Speech,0.635813,0.001646,0.635813
446,214.090920,214.570944,Speech,0.752903,0.002087,0.752903
447,214.570944,215.050969,Speech,0.928578,0.001894,0.928578
448,215.050969,215.530993,Speech,0.938626,0.001960,0.938626
449,215.530993,216.011018,Speech,0.968198,0.001990,0.968198
450,216.011018,216.491042,Speech,0.918536,0.002166,0.918536
451,216.491042,216.971067,Speech,0.726766,0.001929,0.726766
452,216.971067,217.451091,Speech,0.599177,0.002003,0.599177
453,217.451091,217.931116,Speech,0.915712,0.002165,0.915712
454,217.931116,218.411140,Speech,0.963363,0.001999,0.963363
455,218.411140,218.891164,Speech,0.977269,0.001905,0.977269
456,218.891164,219.371189,Speech,0.980623,0.002087,0.980623
457,219.371189,219.851213,Speech,0.791433,0.002409,0.791433
458,219.851213,220.331238,Speech,0.934247,0.002462,0.934247
459,220.331238,220.811262,Speech,0.507874,0.001572,0.507874
460,220.811262,221.291287,Speech,0.523622,0.001609,0.523622
461,221.291287,221.771311,Speech,0.957620,0.001938,0.957620
462,221.771311,222.251336,Speech,0.848998,0.001941,0.848998
463,222.251336,222.731360,Speech,0.798447,0.001807,0.798447
464,222.731360,223.211385,Speech,0.990329,0.001955,0.990329
465,223.211385,223.691409,Speech,0.959601,0.002046,0.959601
466,223.691409,224.171434,Speech,0.987495,0.002034,0.987495
467,224.171434,224.651458,Speech,0.967059,0.001931,0.967059
468,224.651458,225.131483,Speech,0.916007,0.001987,0.916007
469,225.131483,225.611507,Speech,0.987684,0.001979,0.987684
470,225.611507,226.091532,Speech,0.927269,0.002047,0.927269
471,226.091532,226.571556,Speech,0.946776,0.002358,0.946776
472,226.571556,227.051581,Speech,0.987706,0.002136,0.987706
473,227.051581,227.531605,Speech,0.987584,0.002186,0.987584
474,227.531605,228.011630,Speech,0.996991,0.002072,0.996991
475,228.011630,228.491654,Speech,0.993150,0.001982,0.993150
476,228.491654,228.971679,Speech,0.849180,0.001893,0.849180
477,228.971679,229.451703,Speech,0.102425,0.001485,0.102425
478,229.451703,229.931728,Speech,0.971499,0.001953,0.971499
479,229.931728,230.411752,Speech,0.991943,0.001988,0.991943
480,230.411752,230.891777,Speech,0.996217,0.001975,0.996217
481,230.891777,231.371801,Speech,0.973380,0.002013,0.973380
482,231.371801,231.851826,Speech,0.966654,0.002012,0.966654
483,231.851826,232.331850,Speech,0.974314,0.002040,0.974314
484,232.331850,232.811875,Speech,0.987409,0.002081,0.987409
485,232.811875,233.291899,Speech,0.965895,0.001962,0.965895
486,233.291899,233.771923,Speech,0.969186,0.002147,0.969186
487,233.771923,234.251948,Speech,0.963071,0.002138,0.963071
488,234.251948,234.731972,Speech,0.981986,0.002016,0.981986
489,234.731972,235.211997,Speech,0.961990,0.002028,0.961990
490,235.211997,235.692021,Speech,0.899923,0.001847,0.899923
491,235.692021,236.172046,Speech,0.926806,0.001897,0.926806
492,236.172046,236.652070,Speech,0.939243,0.001876,0.939243
493,236.652070,237.132095,Speech,0.960220,0.002150,0.960220
494,237.132095,237.612119,Speech,0.954626,0.001946,0.954626
495,237.612119,238.092144,Speech,0.931764,0.001903,0.931764
496,238.092144,238.572168,Speech,0.966899,0.001984,0.966899
497,238.572168,239.052193,Speech,0.988687,0.002010,0.988687
498,239.052193,239.532217,Speech,0.991877,0.002075,0.991877
499,239.532217,240.012242,Speech,0.889396,0.001873,0.889396
500,240.012242,240.492266,Speech,0.421128,0.002083,0.421128
501,240.492266,240.972291,Speech,0.124898,0.002588,0.124898
502,240.972291,241.452315,Speech,0.381723,0.001912,0.381723
503,241.452315,241.932340,Speech,0.867272,0.002059,0.867272
504,241.932340,242.412364,Speech,0.757499,0.002360,0.757499
505,242.412364,242.892389,Speech,0.569229,0.001600,0.569229
506,242.892389,243.372413,Speech,0.806535,0.001767,0.806535
507,243.372413,243.852438,Speech,0.966192,0.002169,0.966192
508,243.852438,244.332462,Speech,0.968118,0.002096,0.968118
509,244.332462,244.812487,Speech,0.953559,0.002020,0.953559
510,244.812487,245.292511,Speech,0.632312,0.001440,0.632312
511,245.292511,245.772536,Speech,0.969562,0.002118,0.969562
512,245.772536,246.252560,Speech,0.987457,0.002026,0.987457
513,246.252560,246.732585,Speech,0.858818,0.001806,0.858818
514,246.732585,247.212609,Speech,0.989474,0.001995,0.989474
515,247.212609,247.692634,Speech,0.995428,0.001994,0.995428
516,247.692634,248.172658,Speech,0.882925,0.001844,0.882925
517,248.172658,248.652682,Speech,0.389814,0.001233,0.389814
518,248.652682,249.132707,Speech,0.440540,0.001269,0.440540
519,249.132707,249.612731,Speech,0.956353,0.002051,0.956353
520,249.612731,250.092756,Speech,0.852679,0.001847,0.852679
521,250.092756,250.572780,Speech,0.296618,0.000862,0.296618
522,250.572780,251.052805,Music,0.084498,0.001492,0.084498
523,251.052805,251.532829,Speech,0.089483,0.000790,0.089483
524,251.532829,252.012854,Speech,0.516097,0.001148,0.516097
525,252.012854,252.492878,Speech,0.316269,0.000902,0.316269
526,252.492878,252.972903,Music,0.100509,0.000690,0.100509
527,252.972903,253.452927,Music,0.111541,0.000505,0.111541
528,253.452927,253.932952,Speech,0.477297,0.001048,0.477297
529,253.932952,254.412976,Speech,0.693120,0.001534,0.693120
530,254.412976,254.893001,Music,0.377226,0.001150,0.377226
531,254.893001,255.373025,Music,0.211250,0.000747,0.211250
532,255.373025,255.853050,Speech,0.675046,0.001621,0.675046
533,255.853050,256.333074,Speech,0.501797,0.003464,0.501797
534,256.333074,256.813099,Speech,0.922792,0.001942,0.922792
535,256.813099,257.293123,Speech,0.779726,0.001701,0.779726
536,257.293123,257.773148,Speech,0.751517,0.001620,0.751517
537,257.773148,258.253172,Speech,0.860073,0.001899,0.860073
538,258.253172,258.733197,Speech,0.921677,0.001970,0.921677
539,258.733197,259.213221,Speech,0.633189,0.002119,0.633189
540,259.213221,259.693246,Speech,0.132327,0.002237,0.132327
541,259.693246,260.173270,Speech,0.409602,0.002078,0.409602
542,260.173270,260.653295,Speech,0.078080,0.001157,0.078080
543,260.653295,261.133319,Speech,0.451342,0.001389,0.451342
544,261.133319,261.613344,Speech,0.793242,0.001816,0.793242
545,261.613344,262.093368,Dog,0.120769,0.001698,0.120769
546,262.093368,262.573393,Speech,0.120684,0.001276,0.120684
547,262.573393,263.053417,Speech,0.172546,0.001035,0.172546
548,263.053417,263.533441,Cowbell,0.119796,0.001031,0.119796
549,263.533441,264.013466,Cowbell,0.452022,0.001993,0.452022
550,264.013466,264.493490,"Dishes, pots, and pans",0.199070,0.001561,0.199070
551,264.493490,264.973515,Speech,0.384215,0.001145,0.384215
552,264.973515,265.453539,Speech,0.893025,0.001875,0.893025
553,265.453539,265.933564,Speech,0.910894,0.001832,0.910894
554,265.933564,266.413588,Speech,0.430097,0.001021,0.430097
555,266.413588,266.893613,Speech,0.792810,0.001752,0.792810
556,266.893613,267.373637,Speech,0.614550,0.001515,0.614550
557,267.373637,267.853662,Speech,0.468555,0.001147,0.468555
558,267.853662,268.333686,Speech,0.471438,0.001210,0.471438
559,268.333686,268.813711,Dog,0.486600,0.003275,0.486600
560,268.813711,269.293735,Music,0.259267,0.000728,0.259267
561,269.293735,269.773760,Bow-wow,0.768906,0.006734,0.768906
562,269.773760,270.253784,Dog,0.278672,0.002319,0.278672
563,270.253784,270.733809,Speech,0.382352,0.001711,0.382352
564,270.733809,271.213833,Speech,0.934874,0.001978,0.934874
565,271.213833,271.693858,Speech,0.887973,0.001774,0.887973
566,271.693858,272.173882,Speech,0.659092,0.002253,0.659092
567,272.173882,272.653907,Speech,0.824295,0.001816,0.824295
568,272.653907,273.133931,Speech,0.691727,0.001634,0.691727
569,273.133931,273.613956,Speech,0.760328,0.001878,0.760328
570,273.613956,274.093980,Speech,0.464216,0.001348,0.464216
571,274.093980,274.574005,Speech,0.392077,0.001247,0.392077
572,274.574005,275.054029,Speech,0.244675,0.001591,0.244675
573,275.054029,275.534054,Speech,0.804058,0.001663,0.804058
574,275.534054,276.014078,Speech,0.237925,0.000934,0.237925
575,276.014078,276.494103,Speech,0.882110,0.001961,0.882110
576,276.494103,276.974127,Speech,0.933649,0.002200,0.933649
577,276.974127,277.454151,Speech,0.952277,0.002020,0.952277
578,277.454151,277.934176,Speech,0.994818,0.002092,0.994818
579,277.934176,278.414200,Speech,0.935421,0.001906,0.935421
580,278.414200,278.894225,Speech,0.663802,0.001613,0.663802
581,278.894225,279.374249,Speech,0.518615,0.001387,0.518615
582,279.374249,279.854274,Speech,0.976449,0.001982,0.976449
583,279.854274,280.334298,Speech,0.985863,0.001981,0.985863
584,280.334298,280.814323,Speech,0.928471,0.002055,0.928471
585,280.814323,281.294347,Speech,0.967317,0.002068,0.967317
586,281.294347,281.774372,Speech,0.536555,0.001791,0.536555
587,281.774372,282.254396,Speech,0.820287,0.001986,0.820287
588,282.254396,282.734421,Speech,0.888892,0.002140,0.888892
589,282.734421,283.214445,Speech,0.838171,0.002670,0.838171
590,283.214445,283.694470,Speech,0.830917,0.001765,0.830917
591,283.694470,284.174494,Speech,0.939490,0.001990,0.939490
592,284.174494,284.654519,Speech,0.958734,0.001945,0.958734
593,284.654519,285.134543,Speech,0.581776,0.001622,0.581776
594,285.134543,285.614568,Speech,0.724566,0.001608,0.724566
595,285.614568,286.094592,Speech,0.643634,0.001867,0.643634
596,286.094592,286.574617,Speech,0.925113,0.001845,0.925113
597,286.574617,287.054641,Speech,0.690865,0.002145,0.690865
598,287.054641,287.534666,Speech,0.554467,0.001504,0.554467
599,287.534666,288.014690,Speech,0.807486,0.001673,0.807486
600,288.014690,288.494715,Speech,0.873679,0.001968,0.873679
601,288.494715,288.974739,Speech,0.640018,0.003247,0.640018
602,288.974739,289.454764,Speech,0.958905,0.001930,0.958905
603,289.454764,289.934788,Speech,0.904876,0.001851,0.904876
604,289.934788,290.414813,Speech,0.981984,0.001973,0.981984
605,290.414813,290.894837,Speech,0.969669,0.002068,0.969669
606,290.894837,291.374862,Speech,0.806044,0.002192,0.806044
607,291.374862,291.854886,Speech,0.674850,0.002311,0.674850
608,291.854886,292.334910,Dog,0.412660,0.003872,0.412660
609,292.334910,292.814935,Speech,0.461698,0.001043,0.461698
610,292.814935,293.294959,Speech,0.766852,0.001864,0.766852
611,293.294959,293.774984,Dog,0.228002,0.002277,0.228002
612,293.774984,294.255008,Dog,0.524078,0.004945,0.524078
613,294.255008,294.735033,Speech,0.640196,0.001715,0.640196
614,294.735033,295.215057,Speech,0.981906,0.001988,0.981906
615,295.215057,295.695082,Speech,0.939204,0.001914,0.939204
616,295.695082,296.175106,Speech,0.950289,0.001915,0.950289
617,296.175106,296.655131,Speech,0.855266,0.001881,0.855266
618,296.655131,297.135155,Speech,0.470122,0.001336,0.470122
619,297.135155,297.615180,Speech,0.970535,0.002099,0.970535
620,297.615180,298.095204,Speech,0.995374,0.002025,0.995374
621,298.095204,298.575229,Speech,0.928156,0.002075,0.928156
622,298.575229,299.055253,Speech,0.830113,0.001668,0.830113
623,299.055253,299.535278,Speech,0.963408,0.001902,0.963408
624,299.535278,300.015302,Speech,0.990080,0.002091,0.990080
625,300.015302,300.495327,Speech,0.957965,0.002219,0.957965
626,300.495327,300.975351,Speech,0.957683,0.002033,0.957683
627,300.975351,301.455376,Speech,0.898485,0.001813,0.898485
628,301.455376,301.935400,Speech,0.942588,0.001940,0.942588
629,301.935400,302.415425,Speech,0.842748,0.002341,0.842748
630,302.415425,302.895449,Speech,0.935239,0.001961,0.935239
631,302.895449,303.375474,Speech,0.841841,0.002017,0.841841
632,303.375474,303.855498,Speech,0.958006,0.002019,0.958006
633,303.855498,304.335523,Speech,0.966155,0.002056,0.966155
634,304.335523,304.815547,Speech,0.966470,0.002010,0.966470
635,304.815547,305.295572,Speech,0.686179,0.001615,0.686179
636,305.295572,305.775596,Speech,0.960765,0.001990,0.960765
637,305.775596,306.255621,Speech,0.615627,0.001526,0.615627
638,306.255621,306.735645,Speech,0.856134,0.001823,0.856134
639,306.735645,307.215669,Speech,0.951198,0.002007,0.951198
640,307.215669,307.695694,Speech,0.979357,0.002006,0.979357
641,307.695694,308.175718,Speech,0.991450,0.002051,0.991450
642,308.175718,308.655743,Speech,0.907250,0.001821,0.907250
643,308.655743,309.135767,Speech,0.756500,0.001833,0.756500
644,309.135767,309.615792,Speech,0.863231,0.002349,0.863231
645,309.615792,310.095816,Speech,0.920132,0.001990,0.920132
646,310.095816,310.575841,Speech,0.969276,0.001951,0.969276
647,310.575841,311.055865,Speech,0.762347,0.001824,0.762347
648,311.055865,311.535890,Speech,0.649276,0.001534,0.649276
649,311.535890,312.015914,Speech,0.733979,0.001735,0.733979
650,312.015914,312.495939,Speech,0.838323,0.002257,0.838323
651,312.495939,312.975963,Speech,0.731489,0.001970,0.731489
652,312.975963,313.455988,Vehicle,0.160391,0.001896,0.160391
653,313.455988,313.936012,"Outside, urban or manmade",0.131565,0.001203,0.131565
654,313.936012,314.416037,Vehicle,0.459123,0.002707,0.459123
655,314.416037,314.896061,Vehicle,0.241593,0.002397,0.241593
656,314.896061,315.376086,Speech,0.934125,0.002133,0.934125
657,315.376086,315.856110,Speech,0.972203,0.002218,0.972203
658,315.856110,316.336135,Speech,0.928912,0.001978,0.928912
659,316.336135,316.816159,Speech,0.929722,0.001910,0.929722
660,316.816159,317.296184,Speech,0.933580,0.001960,0.933580
661,317.296184,317.776208,Speech,0.955009,0.001931,0.955009
662,317.776208,318.256233,Speech,0.204748,0.001802,0.204748
663,318.256233,318.736257,Cricket,0.343817,0.003268,0.343817
664,318.736257,319.216282,"Outside, rural or natural",0.212920,0.002651,0.212920
665,319.216282,319.696306,Speech,0.904240,0.001949,0.904240
666,319.696306,320.176331,Speech,0.898566,0.001964,0.898566
667,320.176331,320.656355,Speech,0.766756,0.001787,0.766756
668,320.656355,321.136379,Wild animals,0.290006,0.002620,0.290006
669,321.136379,321.616404,Siren,0.310680,0.003609,0.310680
670,321.616404,322.096428,Speech,0.369396,0.001631,0.369396
671,322.096428,322.576453,Rail transport,0.156102,0.001949,0.156102
672,322.576453,323.056477,Siren,0.131748,0.002808,0.131748
673,323.056477,323.536502,Bird,0.667857,0.005846,0.667857
674,323.536502,324.016526,"Outside, urban or manmade",0.073647,0.001105,0.073647
675,324.016526,324.496551,Speech,0.556169,0.001873,0.556169
676,324.496551,324.976575,Animal,0.159429,0.003743,0.159429
677,324.976575,325.456600,Animal,0.303165,0.002642,0.303165
678,325.456600,325.936624,Animal,0.296926,0.005289,0.296926
679,325.936624,326.416649,Animal,0.881137,0.008064,0.881137
680,326.416649,326.896673,"Chicken, rooster",0.286741,0.003200,0.286741
681,326.896673,327.376698,Speech,0.215075,0.002333,0.215075
682,327.376698,327.856722,Speech,0.686566,0.001850,0.686566
683,327.856722,328.336747,Speech,0.649577,0.002504,0.649577
684,328.336747,328.816771,Speech,0.927240,0.001997,0.927240
685,328.816771,329.296796,Speech,0.936603,0.001952,0.936603
686,329.296796,329.776820,Speech,0.899845,0.002164,0.899845
687,329.776820,330.256845,Speech,0.926274,0.002040,0.926274
688,330.256845,330.736869,Speech,0.942747,0.002015,0.942747
689,330.736869,331.216894,Speech,0.997008,0.001962,0.997008
690,331.216894,331.696918,Speech,0.993294,0.001945,0.993294
691,331.696918,332.176943,Speech,0.910514,0.001929,0.910514
692,332.176943,332.656967,Speech,0.628784,0.001398,0.628784
693,332.656967,333.136992,Speech,0.861489,0.001761,0.861489
694,333.136992,333.617016,Speech,0.895495,0.001825,0.895495
695,333.617016,334.097041,Speech,0.892537,0.001811,0.892537
696,334.097041,334.577065,Speech,0.551707,0.001609,0.551707
697,334.577065,335.057090,Clip-clop,0.164386,0.001352,0.164386
698,335.057090,335.537114,Speech,0.731348,0.001614,0.731348
699,335.537114,336.017138,Speech,0.619181,0.001678,0.619181
700,336.017138,336.497163,Speech,0.948269,0.002021,0.948269
701,336.497163,336.977187,Speech,0.919515,0.001946,0.919515
702,336.977187,337.457212,Speech,0.667066,0.001600,0.667066
703,337.457212,337.937236,Speech,0.345252,0.002428,0.345252
704,337.937236,338.417261,Speech,0.205624,0.001590,0.205624
705,338.417261,338.897285,Animal,0.333237,0.003311,0.333237
706,338.897285,339.377310,Animal,0.470539,0.002882,0.470539
707,339.377310,339.857334,Animal,0.671861,0.005685,0.671861
708,339.857334,340.337359,Speech,0.297908,0.001477,0.297908
709,340.337359,340.817383,Speech,0.252375,0.001642,0.252375
710,340.817383,341.297408,Speech,0.236558,0.000895,0.236558
711,341.297408,341.777432,Speech,0.692403,0.001600,0.692403
712,341.777432,342.257457,Speech,0.349844,0.002442,0.349844
713,342.257457,342.737481,Speech,0.484030,0.001919,0.484030
714,342.737481,343.217506,Speech,0.834580,0.001748,0.834580
715,343.217506,343.697530,Speech,0.181737,0.001148,0.181737
716,343.697530,344.177555,Animal,0.197370,0.001815,0.197370
717,344.177555,344.657579,Speech,0.422174,0.001618,0.422174
718,344.657579,345.137604,Speech,0.987475,0.001999,0.987475
719,345.137604,345.617628,Speech,0.989323,0.002050,0.989323
720,345.617628,346.097653,Speech,0.723767,0.001740,0.723767
721,346.097653,346.577677,Speech,0.957914,0.002301,0.957914
722,346.577677,347.057702,Speech,0.992322,0.002716,0.992322
723,347.057702,347.537726,Speech,0.988872,0.002516,0.988872
724,347.537726,348.017751,Speech,0.920709,0.002060,0.920709
725,348.017751,348.497775,Speech,0.914941,0.002185,0.914941
726,348.497775,348.977800,Speech,0.855991,0.002436,0.855991
727,348.977800,349.457824,Speech,0.951511,0.002065,0.951511
728,349.457824,349.937849,Speech,0.992070,0.002139,0.992070
729,349.937849,350.417873,Speech,0.980053,0.002116,0.980053
730,350.417873,350.897897,Speech,0.744177,0.001971,0.744177
731,350.897897,351.377922,Speech,0.577098,0.001731,0.577098
732,351.377922,351.857946,Speech,0.279212,0.000840,0.279212
733,351.857946,352.337971,Speech,0.490695,0.001440,0.490695
734,352.337971,352.817995,Speech,0.175307,0.001050,0.175307
735,352.817995,353.298020,Music,0.592819,0.001552,0.592819
736,353.298020,353.778044,Music,0.825911,0.002573,0.825911
737,353.778044,354.258069,Music,0.837848,0.002181,0.837848
738,354.258069,354.738093,Music,0.888095,0.002114,0.888095
739,354.738093,355.218118,Speech,0.716589,0.002359,0.716589
740,355.218118,355.698142,Music,0.534203,0.001428,0.534203
741,355.698142,356.178167,Music,0.853947,0.002074,0.853947
742,356.178167,356.658191,Music,0.483342,0.001276,0.483342
743,356.658191,357.138216,Speech,0.688935,0.001480,0.688935
744,357.138216,357.618240,Speech,0.149674,0.001046,0.149674
745,357.618240,358.098265,Music,0.196061,0.000912,0.196061
746,358.098265,358.578289,Music,0.252947,0.000833,0.252947
747,358.578289,359.058314,Music,0.275132,0.000890,0.275132
748,359.058314,359.538338,Speech,0.227914,0.000738,0.227914
749,359.538338,360.018363,Speech,0.646168,0.001420,0.646168
750,360.018363,360.498387,Speech,0.945821,0.001930,0.945821
751,360.498387,360.978412,Speech,0.932436,0.001874,0.932436
752,360.978412,361.458436,Speech,0.829972,0.001854,0.829972
753,361.458436,361.938461,Speech,0.887708,0.002003,0.887708
754,361.938461,362.418485,Speech,0.891145,0.001823,0.891145
755,362.418485,362.898510,Speech,0.965548,0.001995,0.965548
756,362.898510,363.378534,Speech,0.190774,0.000715,0.190774
757,363.378534,363.858559,Speech,0.291004,0.000924,0.291004
758,363.858559,364.338583,Speech,0.442668,0.001131,0.442668
759,364.338583,364.818607,Speech,0.676555,0.001529,0.676555
760,364.818607,365.298632,Speech,0.324495,0.000923,0.324495
761,365.298632,365.778656,Speech,0.857776,0.001835,0.857776
762,365.778656,366.258681,Speech,0.342842,0.000987,0.342842
763,366.258681,366.738705,Speech,0.527478,0.001260,0.527478
764,366.738705,367.218730,Speech,0.988006,0.001962,0.988006
765,367.218730,367.698754,Speech,0.935754,0.001935,0.935754
766,367.698754,368.178779,Speech,0.833162,0.001705,0.833162
767,368.178779,368.658803,Speech,0.510834,0.002164,0.510834
768,368.658803,369.138828,Speech,0.873015,0.002147,0.873015
769,369.138828,369.618852,Speech,0.916830,0.001965,0.916830
770,369.618852,370.098877,Speech,0.888780,0.001924,0.888780
771,370.098877,370.578901,Speech,0.822065,0.001832,0.822065
772,370.578901,371.058926,Speech,0.920889,0.002042,0.920889
773,371.058926,371.538950,Speech,0.826313,0.002060,0.826313
774,371.538950,372.018975,Speech,0.945036,0.001947,0.945036
775,372.018975,372.498999,Speech,0.945861,0.001928,0.945861
776,372.498999,372.979024,Speech,0.152544,0.000718,0.152544
777,372.979024,373.459048,Speech,0.949439,0.001928,0.949439
778,373.459048,373.939073,Speech,0.959150,0.002248,0.959150
779,373.939073,374.419097,Speech,0.958442,0.001981,0.958442
780,374.419097,374.899122,Speech,0.986490,0.002033,0.986490
781,374.899122,375.379146,Speech,0.934009,0.001937,0.934009
782,375.379146,375.859171,Speech,0.747862,0.001939,0.747862
783,375.859171,376.339195,Speech,0.967394,0.002010,0.967394
784,376.339195,376.819220,Speech,0.951656,0.002014,0.951656
785,376.819220,377.299244,Speech,0.729370,0.001628,0.729370
786,377.299244,377.779269,Speech,0.530427,0.001490,0.530427
787,377.779269,378.259293,Speech,0.949259,0.001936,0.949259
788,378.259293,378.739318,Speech,0.722422,0.001925,0.722422
789,378.739318,379.219342,Speech,0.721320,0.001873,0.721320
790,379.219342,379.699366,Speech,0.318857,0.001032,0.318857
791,379.699366,380.179391,Speech,0.124491,0.001249,0.124491
792,380.179391,380.659415,Sliding door,0.522859,0.004218,0.522859
793,380.659415,381.139440,Animal,0.221443,0.002298,0.221443
794,381.139440,381.619464,Animal,0.304371,0.003689,0.304371
795,381.619464,382.099489,Speech,0.188770,0.002081,0.188770
796,382.099489,382.579513,Speech,0.835090,0.001863,0.835090
797,382.579513,383.059538,Speech,0.751408,0.001872,0.751408
798,383.059538,383.539562,Speech,0.255920,0.001785,0.255920
799,383.539562,384.019587,Animal,0.395468,0.003945,0.395468
800,384.019587,384.499611,Animal,0.285084,0.002973,0.285084
801,384.499611,384.979636,Animal,0.241080,0.003136,0.241080
802,384.979636,385.459660,Animal,0.480420,0.004689,0.480420
803,385.459660,385.939685,Speech,0.244375,0.002403,0.244375
804,385.939685,386.419709,Speech,0.793047,0.001888,0.793047
805,386.419709,386.899734,Speech,0.952767,0.001961,0.952767
806,386.899734,387.379758,Speech,0.755934,0.002019,0.755934
807,387.379758,387.859783,Speech,0.515965,0.001795,0.515965
808,387.859783,388.339807,Slosh,0.159486,0.004236,0.159486
809,388.339807,388.819832,Hiss,0.142333,0.002372,0.142333
810,388.819832,389.299856,Speech,0.166245,0.001633,0.166245
811,389.299856,389.779881,Bicycle,0.214652,0.003776,0.214652
812,389.779881,390.259905,Steam,0.158411,0.002746,0.158411
813,390.259905,390.739930,Speech,0.134369,0.001311,0.134369
814,390.739930,391.219954,Speech,0.682702,0.001775,0.682702
815,391.219954,391.699979,Speech,0.374148,0.001661,0.374148
816,391.699979,392.180003,Speech,0.195212,0.002135,0.195212
817,392.180003,392.660028,Waterfall,0.434671,0.002302,0.434671
818,392.660028,393.140052,Speech,0.917427,0.002470,0.917427
819,393.140052,393.620077,Speech,0.393587,0.001753,0.393587
820,393.620077,394.100101,Speech,0.619276,0.001985,0.619276
821,394.100101,394.580125,Speech,0.377321,0.001379,0.377321
822,394.580125,395.060150,Speech,0.176883,0.001828,0.176883
823,395.060150,395.540174,Speech,0.874912,0.002229,0.874912
824,395.540174,396.020199,Speech,0.692871,0.001686,0.692871
825,396.020199,396.500223,Speech,0.200632,0.001260,0.200632
826,396.500223,396.980248,Speech,0.474309,0.002255,0.474309
827,396.980248,397.460272,Speech,0.684687,0.001861,0.684687
828,397.460272,397.940297,Speech,0.306081,0.001654,0.306081
829,397.940297,398.420321,Speech,0.795152,0.001879,0.795152
830,398.420321,398.900346,Speech,0.221916,0.001024,0.221916
831,398.900346,399.380370,Speech,0.917366,0.001920,0.917366
832,399.380370,399.860395,Speech,0.912101,0.001917,0.912101
833,399.860395,400.340419,Speech,0.621571,0.001654,0.621571
834,400.340419,400.820444,Speech,0.663628,0.002231,0.663628
835,400.820444,401.300468,Animal,0.197950,0.002242,0.197950
836,401.300468,401.780493,Animal,0.270385,0.003435,0.270385
837,401.780493,402.260517,Sliding door,0.576146,0.004810,0.576146
838,402.260517,402.740542,Speech,0.852840,0.001984,0.852840
839,402.740542,403.220566,Speech,0.830003,0.002039,0.830003
840,403.220566,403.700591,Speech,0.402700,0.001401,0.402700
841,403.700591,404.180615,"Domestic animals, pets",0.137214,0.002199,0.137214
842,404.180615,404.660640,Sliding door,0.390529,0.002876,0.390529
843,404.660640,405.140664,Speech,0.650988,0.001833,0.650988
844,405.140664,405.620689,Speech,0.965490,0.001935,0.965490
845,405.620689,406.100713,Speech,0.478745,0.001735,0.478745
846,406.100713,406.580738,"Vehicle horn, car horn, honking",0.120941,0.001818,0.120941
847,406.580738,407.060762,"Vehicle horn, car horn, honking",0.979155,0.003296,0.979155
848,407.060762,407.540787,Animal,0.320345,0.003678,0.320345
849,407.540787,408.020811,Animal,0.307507,0.002626,0.307507
850,408.020811,408.500836,Animal,0.345298,0.004176,0.345298
851,408.500836,408.980860,Sliding door,0.122179,0.003627,0.122179
852,408.980860,409.460884,Speech,0.064104,0.000705,0.064104
853,409.460884,409.940909,Speech,0.804809,0.001919,0.804809
854,409.940909,410.420933,Speech,0.787632,0.001892,0.787632
855,410.420933,410.900958,Speech,0.960276,0.001951,0.960276
856,410.900958,411.380982,Speech,0.905349,0.001989,0.905349
857,411.380982,411.861007,Speech,0.957914,0.002232,0.957914
858,411.861007,412.341031,Speech,0.510669,0.002253,0.510669
859,412.341031,412.821056,Speech,0.938754,0.001993,0.938754
860,412.821056,413.301080,Speech,0.890014,0.002033,0.890014
861,413.301080,413.781105,Speech,0.880788,0.001974,0.880788
862,413.781105,414.261129,Speech,0.449026,0.001770,0.449026
863,414.261129,414.741154,Speech,0.823395,0.001835,0.823395
864,414.741154,415.221178,Speech,0.843775,0.001786,0.843775
865,415.221178,415.701203,Speech,0.912216,0.001932,0.912216
866,415.701203,416.181227,Speech,0.430353,0.001385,0.430353
867,416.181227,416.661252,Speech,0.527647,0.001702,0.527647
868,416.661252,417.141276,Speech,0.394873,0.002052,0.394873
869,417.141276,417.621301,Clip-clop,0.437359,0.002997,0.437359
870,417.621301,418.101325,Speech,0.592400,0.001745,0.592400
871,418.101325,418.581350,Speech,0.915115,0.002008,0.915115
872,418.581350,419.061374,Speech,0.638738,0.001392,0.638738
873,419.061374,419.541399,Speech,0.643920,0.002260,0.643920
874,419.541399,420.021423,Speech,0.809197,0.001813,0.809197
875,420.021423,420.501448,Speech,0.885597,0.002113,0.885597
876,420.501448,420.981472,Speech,0.560912,0.001362,0.560912
877,420.981472,421.461497,Speech,0.421512,0.001087,0.421512
878,421.461497,421.941521,Speech,0.860569,0.001937,0.860569
879,421.941521,422.421546,Speech,0.927342,0.002699,0.927342
880,422.421546,422.901570,Speech,0.937911,0.002019,0.937911
881,422.901570,423.381594,Speech,0.976838,0.002328,0.976838
882,423.381594,423.861619,Speech,0.836269,0.001839,0.836269
883,423.861619,424.341643,Speech,0.861871,0.002154,0.861871
884,424.341643,424.821668,Speech,0.967553,0.002149,0.967553
885,424.821668,425.301692,Speech,0.981862,0.002133,0.981862
886,425.301692,425.781717,Speech,0.992214,0.002129,0.992214
887,425.781717,426.261741,Speech,0.985760,0.002054,0.985760
888,426.261741,426.741766,Speech,0.992834,0.002022,0.992834
889,426.741766,427.221790,Speech,0.974119,0.002128,0.974119
890,427.221790,427.701815,Speech,0.885323,0.001824,0.885323
891,427.701815,428.181839,Speech,0.975073,0.001966,0.975073
892,428.181839,428.661864,Speech,0.981402,0.002182,0.981402
893,428.661864,429.141888,Speech,0.924153,0.001977,0.924153
894,429.141888,429.621913,Speech,0.929955,0.002632,0.929955
895,429.621913,430.101937,Speech,0.953494,0.002305,0.953494
896,430.101937,430.581962,Speech,0.974876,0.002032,0.974876
897,430.581962,431.061986,Speech,0.892838,0.002170,0.892838
898,431.061986,431.542011,Speech,0.787218,0.001827,0.787218
899,431.542011,432.022035,Speech,0.488255,0.001357,0.488255
900,432.022035,432.502060,Speech,0.745807,0.001688,0.745807
901,432.502060,432.982084,Speech,0.719269,0.002581,0.719269
902,432.982084,433.462109,Speech,0.839572,0.003721,0.839572
903,433.462109,433.942133,Speech,0.982248,0.002601,0.982248
904,433.942133,434.422158,Speech,0.961988,0.002085,0.961988
905,434.422158,434.902182,Speech,0.940496,0.002078,0.940496
906,434.902182,435.382207,Speech,0.944502,0.002654,0.944502
907,435.382207,435.862231,Speech,0.979680,0.002099,0.979680
908,435.862231,436.342256,Speech,0.985953,0.002168,0.985953
909,436.342256,436.822280,Speech,0.819540,0.001862,0.819540
910,436.822280,437.302305,Speech,0.855669,0.002214,0.855669
911,437.302305,437.782329,Speech,0.200346,0.000861,0.200346
912,437.782329,438.262353,Speech,0.218811,0.001025,0.218811
913,438.262353,438.742378,Speech,0.781616,0.001897,0.781616
914,438.742378,439.222402,Speech,0.952118,0.002027,0.952118
915,439.222402,439.702427,Speech,0.982557,0.002088,0.982557
916,439.702427,440.182451,Speech,0.970774,0.001947,0.970774
917,440.182451,440.662476,Speech,0.983256,0.002097,0.983256
918,440.662476,441.142500,Speech,0.909163,0.002069,0.909163
919,441.142500,441.622525,Speech,0.934555,0.002006,0.934555
920,441.622525,442.102549,Speech,0.667480,0.001495,0.667480
921,442.102549,442.582574,Speech,0.728083,0.001636,0.728083
922,442.582574,443.062598,Speech,0.096798,0.000524,0.096798
923,443.062598,443.542623,Music,0.471070,0.001309,0.471070
924,443.542623,444.022647,Music,0.794905,0.002216,0.794905
925,444.022647,444.502672,Music,0.720616,0.001703,0.720616
926,444.502672,444.982696,Music,0.168618,0.001367,0.168618
927,444.982696,445.462721,Speech,0.211345,0.000643,0.211345
928,445.462721,445.942745,Speech,0.080368,0.000372,0.080368
929,445.942745,446.422770,Music,0.300958,0.000858,0.300958
930,446.422770,446.902794,Music,0.289053,0.001489,0.289053
931,446.902794,447.382819,Sliding door,0.123365,0.001860,0.123365
932,447.382819,447.862843,Music,0.485984,0.001109,0.485984
933,447.862843,448.342868,Speech,0.076347,0.000772,0.076347
934,448.342868,448.822892,Music,0.239857,0.000804,0.239857
935,448.822892,449.302917,Music,0.692275,0.001690,0.692275
936,449.302917,449.782941,Glass,0.237446,0.005687,0.237446
937,449.782941,450.262966,Speech,0.519591,0.001503,0.519591
938,450.262966,450.742990,Speech,0.261996,0.002968,0.261996
939,450.742990,451.223015,Speech,0.986701,0.001954,0.986701
940,451.223015,451.703039,Speech,0.802998,0.001906,0.802998
941,451.703039,452.183064,Speech,0.948656,0.002075,0.948656
942,452.183064,452.663088,Speech,0.884578,0.001978,0.884578
943,452.663088,453.143112,Speech,0.990749,0.001950,0.990749
944,453.143112,453.623137,Speech,0.988826,0.002016,0.988826
945,453.623137,454.103161,Speech,0.675256,0.001824,0.675256
946,454.103161,454.583186,Speech,0.838064,0.001850,0.838064
947,454.583186,455.063210,Speech,0.945683,0.002018,0.945683
948,455.063210,455.543235,Speech,0.996501,0.001999,0.996501
949,455.543235,456.023259,Speech,0.983299,0.001989,0.983299
950,456.023259,456.503284,Speech,0.869210,0.001764,0.869210
951,456.503284,456.983308,Speech,0.632320,0.001779,0.632320
952,456.983308,457.463333,Speech,0.796571,0.001898,0.796571
953,457.463333,457.943357,Speech,0.660951,0.001497,0.660951
954,457.943357,458.423382,Dog,0.137534,0.002024,0.137534
955,458.423382,458.903406,Basketball bounce,0.274307,0.002025,0.274307
956,458.903406,459.383431,Speech,0.882832,0.001899,0.882832
957,459.383431,459.863455,Speech,0.621457,0.001479,0.621457
958,459.863455,460.343480,Speech,0.059851,0.001706,0.059851
959,460.343480,460.823504,Horse,0.092264,0.001542,0.092264
960,460.823504,461.303529,Bus,0.079133,0.001100,0.079133
961,461.303529,461.783553,Speech,0.210213,0.001124,0.210213
962,461.783553,462.263578,Speech,0.169749,0.000957,0.169749
963,462.263578,462.743602,Speech,0.096361,0.000526,0.096361
964,462.743602,463.223627,Speech,0.086022,0.000656,0.086022
965,463.223627,463.703651,Mouse,0.219566,0.003338,0.219566
966,463.703651,464.183676,Speech,0.246916,0.002409,0.246916
967,464.183676,464.663700,Speech,0.130220,0.001483,0.130220
968,464.663700,465.143725,Speech,0.859979,0.001808,0.859979
969,465.143725,465.623749,Animal,0.668614,0.003759,0.668614
970,465.623749,466.103774,Animal,0.474773,0.002531,0.474773
971,466.103774,466.583798,"Rodents, rats, mice",0.664966,0.005830,0.664966
972,466.583798,467.063822,Speech,0.134776,0.001953,0.134776
973,467.063822,467.543847,Speech,0.701078,0.001539,0.701078
974,467.543847,468.023871,Speech,0.509832,0.001509,0.509832
975,468.023871,468.503896,Speech,0.564303,0.001240,0.564303
976,468.503896,468.983920,Speech,0.927086,0.001917,0.927086
977,468.983920,469.463945,Speech,0.988140,0.002017,0.988140
978,469.463945,469.943969,Speech,0.764659,0.001686,0.764659
979,469.943969,470.423994,Speech,0.956885,0.001927,0.956885
980,470.423994,470.904018,Speech,0.562644,0.002280,0.562644
981,470.904018,471.384043,Speech,0.959765,0.002101,0.959765
982,471.384043,471.864067,Speech,0.498775,0.002976,0.498775
983,471.864067,472.344092,"Domestic animals, pets",0.290325,0.002369,0.290325
984,472.344092,472.824116,Animal,0.265699,0.002575,0.265699
985,472.824116,473.304141,Speech,0.297468,0.000925,0.297468
986,473.304141,473.784165,Speech,0.806199,0.001755,0.806199
987,473.784165,474.264190,Speech,0.841585,0.002026,0.841585
988,474.264190,474.744214,Speech,0.963586,0.001949,0.963586
989,474.744214,475.224239,Speech,0.883122,0.001951,0.883122
990,475.224239,475.704263,Speech,0.942989,0.001890,0.942989
991,475.704263,476.184288,Speech,0.884704,0.001923,0.884704
992,476.184288,476.664312,Speech,0.988793,0.002267,0.988793
993,476.664312,477.144337,Speech,0.981483,0.002012,0.981483
994,477.144337,477.624361,Speech,0.993298,0.002076,0.993298
995,477.624361,478.104386,Speech,0.988493,0.002053,0.988493
996,478.104386,478.584410,Speech,0.919933,0.002122,0.919933
997,478.584410,479.064435,Speech,0.762715,0.001731,0.762715
998,479.064435,479.544459,Speech,0.948697,0.002051,0.948697
999,479.544459,480.024484,Speech,0.944759,0.001936,0.944759
1000,480.024484,480.504508,Sliding door,0.306510,0.005474,0.306510
1001,480.504508,480.984533,Speech,0.854906,0.001834,0.854906
1002,480.984533,481.464557,Speech,0.971656,0.001954,0.971656
1003,481.464557,481.944581,Speech,0.237705,0.001098,0.237705
1004,481.944581,482.424606,Animal,0.331687,0.003183,0.331687
1005,482.424606,482.904630,Speech,0.145729,0.001221,0.145729
1006,482.904630,483.384655,Speech,0.602167,0.001536,0.602167
1007,483.384655,483.864679,"Outside, rural or natural",0.178460,0.001580,0.178460
1008,483.864679,484.344704,Animal,0.467768,0.004643,0.467768
1009,484.344704,484.824728,Wild animals,0.841725,0.007031,0.841725
1010,484.824728,485.304753,Animal,0.524244,0.003986,0.524244
1011,485.304753,485.784777,Speech,0.193870,0.001307,0.193870
1012,485.784777,486.264802,Speech,0.565300,0.001615,0.565300
1013,486.264802,486.744826,Speech,0.442004,0.001220,0.442004
1014,486.744826,487.224851,Speech,0.651477,0.001945,0.651477
1015,487.224851,487.704875,Speech,0.486008,0.001517,0.486008
1016,487.704875,488.184900,Speech,0.786144,0.001657,0.786144
1017,488.184900,488.664924,Animal,0.202426,0.002210,0.202426
1018,488.664924,489.144949,Speech,0.268383,0.002497,0.268383
1019,489.144949,489.624973,Animal,0.152838,0.001697,0.152838
1020,489.624973,490.104998,Speech,0.304808,0.001862,0.304808
1021,490.104998,490.585022,Speech,0.289687,0.001512,0.289687
1022,490.585022,491.065047,Speech,0.312345,0.001220,0.312345
1023,491.065047,491.545071,Speech,0.672820,0.001791,0.672820
1024,491.545071,492.025096,Speech,0.674273,0.001707,0.674273
1025,492.025096,492.505120,Speech,0.821582,0.002123,0.821582
1026,492.505120,492.985145,Speech,0.760752,0.001706,0.760752
1027,492.985145,493.465169,Speech,0.884348,0.002360,0.884348
1028,493.465169,493.945194,Speech,0.670763,0.001806,0.670763
1029,493.945194,494.425218,Speech,0.259676,0.001278,0.259676
1030,494.425218,494.905243,Speech,0.927244,0.001935,0.927244
1031,494.905243,495.385267,Speech,0.617459,0.002384,0.617459
1032,495.385267,495.865292,Speech,0.812661,0.002279,0.812661
1033,495.865292,496.345316,Speech,0.774826,0.001914,0.774826
1034,496.345316,496.825340,Speech,0.354311,0.001355,0.354311
1035,496.825340,497.305365,Animal,0.527061,0.003930,0.527061
1036,497.305365,497.785389,Speech,0.922898,0.002045,0.922898
1037,497.785389,498.265414,Speech,0.905862,0.001882,0.905862
1038,498.265414,498.745438,Speech,0.659936,0.002105,0.659936
1039,498.745438,499.225463,Speech,0.854816,0.001758,0.854816
1040,499.225463,499.705487,Speech,0.890588,0.001848,0.890588
1041,499.705487,500.185512,Speech,0.872149,0.001802,0.872149
1042,500.185512,500.665536,Speech,0.371561,0.001229,0.371561
1043,500.665536,501.145561,Music,0.126453,0.000807,0.126453
1044,501.145561,501.625585,Speech,0.462656,0.002366,0.462656
1045,501.625585,502.105610,Speech,0.972745,0.002426,0.972745
1046,502.105610,502.585634,Speech,0.700523,0.002764,0.700523
1047,502.585634,503.065659,Speech,0.733806,0.001998,0.733806
1048,503.065659,503.545683,Speech,0.923934,0.002300,0.923934
1049,503.545683,504.025708,Speech,0.925937,0.002006,0.925937
1050,504.025708,504.505732,Speech,0.960231,0.002108,0.960231
1051,504.505732,504.985757,Speech,0.841037,0.001828,0.841037
1052,504.985757,505.465781,Speech,0.975931,0.001925,0.975931
1053,505.465781,505.945806,Speech,0.639846,0.002260,0.639846
1054,505.945806,506.425830,Dog,0.354725,0.003789,0.354725
1055,506.425830,506.905855,Dog,0.699839,0.006100,0.699839
1056,506.905855,507.385879,Speech,0.391962,0.001988,0.391962
1057,507.385879,507.865904,Speech,0.898563,0.002169,0.898563
1058,507.865904,508.345928,Speech,0.883918,0.001998,0.883918
1059,508.345928,508.825953,Speech,0.697705,0.001699,0.697705
1060,508.825953,509.305977,Speech,0.785387,0.001728,0.785387
1061,509.305977,509.786002,Speech,0.940242,0.001999,0.940242
1062,509.786002,510.266026,Speech,0.354284,0.001039,0.354284
1063,510.266026,510.746050,Speech,0.197052,0.000984,0.197052
1064,510.746050,511.226075,Bus,0.270286,0.001924,0.270286
1065,511.226075,511.706099,Speech,0.520146,0.001325,0.520146
1066,511.706099,512.186124,Speech,0.710742,0.001603,0.710742
1067,512.186124,512.666148,Bus,0.137082,0.001144,0.137082
1068,512.666148,513.146173,Vehicle,0.159995,0.004535,0.159995
1069,513.146173,513.626197,Bus,0.123008,0.001629,0.123008
1070,513.626197,514.106222,Bus,0.293838,0.001773,0.293838
1071,514.106222,514.586246,Bus,0.371840,0.002548,0.371840
1072,514.586246,515.066271,Speech,0.840816,0.001785,0.840816
1073,515.066271,515.546295,Speech,0.897513,0.002020,0.897513
1074,515.546295,516.026320,Speech,0.974676,0.002045,0.974676
1075,516.026320,516.506344,Speech,0.787144,0.001751,0.787144
1076,516.506344,516.986369,Speech,0.249419,0.000998,0.249419
1077,516.986369,517.466393,"Traffic noise, roadway noise",0.486100,0.003663,0.486100
1078,517.466393,517.946418,"Vehicle horn, car horn, honking",0.276821,0.001965,0.276821
1079,517.946418,518.426442,Bus,0.108915,0.001878,0.108915
1080,518.426442,518.906467,Speech,0.919448,0.002436,0.919448
1081,518.906467,519.386491,Speech,0.895166,0.002006,0.895166
1082,519.386491,519.866516,Bus,0.231268,0.003108,0.231268
1083,519.866516,520.346540,"Chink, clink",0.293280,0.002646,0.293280
1084,520.346540,520.826565,Speech,0.079147,0.000912,0.079147
1085,520.826565,521.306589,Speech,0.167951,0.000909,0.167951
1086,521.306589,521.786614,Speech,0.729408,0.001631,0.729408
1087,521.786614,522.266638,Speech,0.856384,0.001925,0.856384
1088,522.266638,522.746663,Speech,0.658742,0.001531,0.658742
1089,522.746663,523.226687,Speech,0.599681,0.001378,0.599681
1090,523.226687,523.706712,Speech,0.519367,0.001632,0.519367
1091,523.706712,524.186736,"Rodents, rats, mice",0.134409,0.004994,0.134409
1092,524.186736,524.666761,Sliding door,0.124552,0.002203,0.124552
1093,524.666761,525.146785,Sliding door,0.196605,0.002937,0.196605
1094,525.146785,525.626809,Speech,0.146875,0.001378,0.146875
1095,525.626809,526.106834,Vehicle,0.291453,0.002235,0.291453
1096,526.106834,526.586858,Speech,0.722997,0.001787,0.722997
1097,526.586858,527.066883,Animal,0.176790,0.001513,0.176790
1098,527.066883,527.546907,Clip-clop,0.138806,0.003849,0.138806
1099,527.546907,528.026932,Sliding door,0.629783,0.005594,0.629783
1100,528.026932,528.506956,Sliding door,0.533661,0.003983,0.533661
1101,528.506956,528.986981,Vehicle,0.238488,0.003216,0.238488
1102,528.986981,529.467005,"Outside, urban or manmade",0.065617,0.001402,0.065617
1103,529.467005,529.947030,Speech,0.732250,0.001735,0.732250
1104,529.947030,530.427054,Speech,0.969236,0.001970,0.969236
1105,530.427054,530.907079,Speech,0.416395,0.001401,0.416395
1106,530.907079,531.387103,Speech,0.410182,0.001901,0.410182
1107,531.387103,531.867128,Cupboard open or close,0.405181,0.005990,0.405181
1108,531.867128,532.347152,Door,0.247235,0.003112,0.247235
1109,532.347152,532.827177,Mouse,0.195330,0.003370,0.195330
1110,532.827177,533.307201,Bus,0.114227,0.002021,0.114227
1111,533.307201,533.787226,Clip-clop,0.172068,0.002907,0.172068
1112,533.787226,534.267250,Speech,0.051068,0.001586,0.051068
1113,534.267250,534.747275,Speech,0.159202,0.001888,0.159202
1114,534.747275,535.227299,Speech,0.109699,0.001151,0.109699
1115,535.227299,535.707324,Speech,0.069441,0.001267,0.069441
1116,535.707324,536.187348,Glass,0.192685,0.002406,0.192685
1117,536.187348,536.667373,Animal,0.185728,0.002232,0.185728
1118,536.667373,537.147397,Speech,0.113196,0.001292,0.113196
1119,537.147397,537.627422,Speech,0.512887,0.001437,0.512887
1120,537.627422,538.107446,Bus,0.140802,0.001896,0.140802
1121,538.107446,538.587471,Sliding door,0.234082,0.008260,0.234082
1122,538.587471,539.067495,Sliding door,0.630669,0.005235,0.630669
1123,539.067495,539.547520,Sliding door,0.466988,0.003985,0.466988
1124,539.547520,540.027544,Sliding door,0.197698,0.003016,0.197698
1125,540.027544,540.507568,Speech,0.687541,0.001614,0.687541
1126,540.507568,540.987593,Speech,0.524716,0.001204,0.524716
1127,540.987593,541.467617,Speech,0.767469,0.001647,0.767469
1128,541.467617,541.947642,Speech,0.209215,0.001794,0.209215
1129,541.947642,542.427666,Speech,0.950681,0.002048,0.950681
1130,542.427666,542.907691,Speech,0.945500,0.002011,0.945500
1131,542.907691,543.387715,Speech,0.975013,0.002010,0.975013
1132,543.387715,543.867740,Speech,0.812226,0.001832,0.812226
1133,543.867740,544.347764,Speech,0.563007,0.001693,0.563007
1134,544.347764,544.827789,Music,0.088638,0.000729,0.088638
1135,544.827789,545.307813,Speech,0.401922,0.001086,0.401922
1136,545.307813,545.787838,Speech,0.949871,0.001903,0.949871
1137,545.787838,546.267862,Speech,0.968237,0.002043,0.968237
1138,546.267862,546.747887,Speech,0.777406,0.001695,0.777406
1139,546.747887,547.227911,Speech,0.756024,0.001525,0.756024
1140,547.227911,547.707936,Speech,0.804278,0.001709,0.804278
1141,547.707936,548.187960,Speech,0.991770,0.001990,0.991770
1142,548.187960,548.667985,Speech,0.972232,0.001945,0.972232
1143,548.667985,549.148009,Speech,0.958624,0.001948,0.958624
1144,549.148009,549.628034,Speech,0.950701,0.001903,0.950701
1145,549.628034,550.108058,Speech,0.994580,0.001979,0.994580
1146,550.108058,550.588083,Speech,0.967178,0.001985,0.967178
1147,550.588083,551.068107,Speech,0.692579,0.001501,0.692579
1148,551.068107,551.548132,Speech,0.962392,0.001966,0.962392
1149,551.548132,552.028156,Speech,0.993740,0.001984,0.993740
1150,552.028156,552.508181,Speech,0.996653,0.001995,0.996653
1151,552.508181,552.988205,Speech,0.957144,0.001938,0.957144
1152,552.988205,553.468230,Speech,0.904058,0.001832,0.904058
1153,553.468230,553.948254,Speech,0.774403,0.001584,0.774403
1154,553.948254,554.428279,Speech,0.961275,0.001952,0.961275
1155,554.428279,554.908303,Speech,0.975904,0.001966,0.975904
1156,554.908303,555.388327,Speech,0.960319,0.001976,0.960319
1157,555.388327,555.868352,Speech,0.266494,0.000838,0.266494
1158,555.868352,556.348376,Speech,0.880851,0.001799,0.880851
1159,556.348376,556.828401,Speech,0.540059,0.001856,0.540059
1160,556.828401,557.308425,Speech,0.602993,0.001877,0.602993
1161,557.308425,557.788450,Speech,0.955360,0.002016,0.955360
1162,557.788450,558.268474,Speech,0.970199,0.002125,0.970199
1163,558.268474,558.748499,Speech,0.975267,0.002029,0.975267
1164,558.748499,559.228523,Speech,0.991788,0.002020,0.991788
1165,559.228523,559.708548,Speech,0.963219,0.002029,0.963219
1166,559.708548,560.188572,Speech,0.989842,0.002082,0.989842
1167,560.188572,560.668597,Speech,0.980748,0.002063,0.980748
1168,560.668597,561.148621,Speech,0.241482,0.000854,0.241482
1169,561.148621,561.628646,Speech,0.976829,0.002014,0.976829
1170,561.628646,562.108670,Speech,0.994261,0.001960,0.994261
1171,562.108670,562.588695,Speech,0.951508,0.001999,0.951508
1172,562.588695,563.068719,Speech,0.947571,0.001905,0.947571
1173,563.068719,563.548744,Speech,0.957950,0.001922,0.957950
1174,563.548744,564.028768,Speech,0.935482,0.001943,0.935482
1175,564.028768,564.508793,Speech,0.968546,0.001964,0.968546
1176,564.508793,564.988817,Speech,0.861311,0.001900,0.861311
1177,564.988817,565.468842,Speech,0.957712,0.001936,0.957712
1178,565.468842,565.948866,Speech,0.688594,0.001895,0.688594
1179,565.948866,566.428891,Speech,0.385171,0.001546,0.385171
1180,566.428891,566.908915,Speech,0.752515,0.001858,0.752515
1181,566.908915,567.388940,Speech,0.070912,0.001278,0.070912
1182,567.388940,567.868964,Speech,0.672782,0.001705,0.672782
1183,567.868964,568.348989,Speech,0.985581,0.001997,0.985581
1184,568.348989,568.829013,Speech,0.934079,0.002011,0.934079
1185,568.829013,569.309037,Speech,0.853587,0.002092,0.853587
1186,569.309037,569.789062,Speech,0.862237,0.001770,0.862237
1187,569.789062,570.269086,Speech,0.535336,0.001470,0.535336
1188,570.269086,570.749111,Animal,0.243547,0.002390,0.243547
1189,570.749111,571.229135,Speech,0.124600,0.002054,0.124600
1190,571.229135,571.709160,Speech,0.997921,0.001996,0.997921
1191,571.709160,572.189184,Speech,0.933401,0.001872,0.933401
1192,572.189184,572.669209,Speech,0.381701,0.001797,0.381701
1193,572.669209,573.149233,Speech,0.935688,0.001895,0.935688
1194,573.149233,573.629258,Speech,0.808407,0.001748,0.808407
1195,573.629258,574.109282,Speech,0.973143,0.001926,0.973143
1196,574.109282,574.589307,Speech,0.906550,0.002120,0.906550
1197,574.589307,575.069331,Speech,0.967399,0.002013,0.967399
1198,575.069331,575.549356,Speech,0.939233,0.001892,0.939233
1199,575.549356,576.029380,Speech,0.296157,0.001017,0.296157
1200,576.029380,576.509405,Music,0.246560,0.001035,0.246560
1201,576.509405,576.989429,Speech,0.617316,0.001688,0.617316
1202,576.989429,577.469454,Speech,0.990472,0.002072,0.990472
1203,577.469454,577.949478,Speech,0.953726,0.002027,0.953726
1204,577.949478,578.429503,Speech,0.975873,0.002386,0.975873
1205,578.429503,578.909527,Speech,0.843236,0.001909,0.843236
1206,578.909527,579.389552,Speech,0.848558,0.001912,0.848558
1207,579.389552,579.869576,Speech,0.963719,0.002041,0.963719
1208,579.869576,580.349601,Speech,0.798606,0.002170,0.798606
1209,580.349601,580.829625,Speech,0.849558,0.001878,0.849558
1210,580.829625,581.309650,Speech,0.065569,0.000654,0.065569
1211,581.309650,581.789674,Speech,0.815857,0.002029,0.815857
1212,581.789674,582.269699,Speech,0.959619,0.002028,0.959619
1213,582.269699,582.749723,Speech,0.924131,0.001987,0.924131
1214,582.749723,583.229748,Speech,0.547769,0.001237,0.547769
1215,583.229748,583.709772,Speech,0.864880,0.001819,0.864880
1216,583.709772,584.189796,Speech,0.870975,0.001786,0.870975
1217,584.189796,584.669821,Speech,0.959332,0.001954,0.959332
1218,584.669821,585.149845,Speech,0.988721,0.002052,0.988721
1219,585.149845,585.629870,Speech,0.845447,0.002053,0.845447
1220,585.629870,586.109894,Speech,0.733349,0.001853,0.733349
1221,586.109894,586.589919,Speech,0.680327,0.001618,0.680327
1222,586.589919,587.069943,Speech,0.921417,0.001960,0.921417
1223,587.069943,587.549968,Speech,0.942260,0.001983,0.942260
1224,587.549968,588.029992,Speech,0.989723,0.002124,0.989723
1225,588.029992,588.510017,Speech,0.852265,0.002306,0.852265
1226,588.510017,588.990041,Speech,0.931339,0.001913,0.931339
1227,588.990041,589.470066,Speech,0.986630,0.002095,0.986630
1228,589.470066,589.950090,Speech,0.595928,0.001544,0.595928
1229,589.950090,590.430115,Speech,0.933252,0.002002,0.933252
1230,590.430115,590.910139,Speech,0.903461,0.001928,0.903461
1231,590.910139,591.390164,Speech,0.655025,0.002048,0.655025
1232,591.390164,591.870188,Speech,0.943458,0.002012,0.943458
1233,591.870188,592.350213,Speech,0.858248,0.002029,0.858248
1234,592.350213,592.830237,Speech,0.961553,0.002312,0.961553
1235,592.830237,593.310262,Speech,0.968168,0.002125,0.968168
1236,593.310262,593.790286,Speech,0.988354,0.002058,0.988354
1237,593.790286,594.270311,Speech,0.951528,0.002056,0.951528
1238,594.270311,594.750335,Speech,0.986845,0.002059,0.986845
1239,594.750335,595.230360,Speech,0.946201,0.002085,0.946201
1240,595.230360,595.710384,Speech,0.962554,0.002162,0.962554
1241,595.710384,596.190409,Speech,0.981069,0.002059,0.981069
1242,596.190409,596.670433,Speech,0.989422,0.002128,0.989422
1243,596.670433,597.150458,Speech,0.981559,0.002037,0.981559
1244,597.150458,597.630482,Speech,0.949170,0.002061,0.949170
1245,597.630482,598.110507,Speech,0.794483,0.001724,0.794483
1246,598.110507,598.590531,Speech,0.851719,0.002122,0.851719
1247,598.590531,599.070555,Speech,0.232625,0.000896,0.232625
1248,599.070555,599.550580,Speech,0.293223,0.000869,0.293223
1249,599.550580,600.030604,Speech,0.815873,0.001764,0.815873
1250,600.030604,600.510629,Speech,0.463096,0.001648,0.463096
1251,600.510629,600.990653,Speech,0.307085,0.000993,0.307085
1252,600.990653,601.470678,Speech,0.850161,0.001868,0.850161
1253,601.470678,601.950702,Speech,0.434325,0.001739,0.434325
1254,601.950702,602.430727,Speech,0.736599,0.002324,0.736599
1255,602.430727,602.910751,Speech,0.974468,0.002068,0.974468
1256,602.910751,603.390776,Speech,0.932396,0.001838,0.932396
1257,603.390776,603.870800,Speech,0.960223,0.002013,0.960223
1258,603.870800,604.350825,Speech,0.981047,0.002102,0.981047
1259,604.350825,604.830849,Speech,0.880678,0.002022,0.880678
1260,604.830849,605.310874,Speech,0.711615,0.001700,0.711615
1261,605.310874,605.790898,Speech,0.796193,0.002028,0.796193
1262,605.790898,606.270923,Speech,0.339604,0.001834,0.339604
1263,606.270923,606.750947,Speech,0.395650,0.001397,0.395650
1264,606.750947,607.230972,Speech,0.733723,0.001850,0.733723
1265,607.230972,607.710996,Speech,0.830210,0.002498,0.830210
1266,607.710996,608.191021,Speech,0.910964,0.001920,0.910964
1267,608.191021,608.671045,Speech,0.968213,0.002051,0.968213
1268,608.671045,609.151070,Speech,0.976056,0.001968,0.976056
1269,609.151070,609.631094,Speech,0.945170,0.001922,0.945170
1270,609.631094,610.111119,Speech,0.984557,0.001935,0.984557
1271,610.111119,610.591143,Speech,0.882647,0.001894,0.882647
1272,610.591143,611.071168,Speech,0.982602,0.001971,0.982602
1273,611.071168,611.551192,Speech,0.958782,0.001972,0.958782
1274,611.551192,612.031217,Speech,0.877459,0.001989,0.877459
1275,612.031217,612.511241,Speech,0.812719,0.001859,0.812719
1276,612.511241,612.991265,Speech,0.844520,0.002010,0.844520
1277,612.991265,613.471290,Speech,0.727171,0.001629,0.727171
1278,613.471290,613.951314,Speech,0.539431,0.001643,0.539431
1279,613.951314,614.431339,Speech,0.963597,0.002094,0.963597
1280,614.431339,614.911363,Speech,0.990740,0.002002,0.990740
1281,614.911363,615.391388,Speech,0.986341,0.002232,0.986341
1282,615.391388,615.871412,Speech,0.602384,0.001533,0.602384
1283,615.871412,616.351437,Speech,0.937507,0.001953,0.937507
1284,616.351437,616.831461,Speech,0.981766,0.002131,0.981766
1285,616.831461,617.311486,Speech,0.936965,0.002073,0.936965
1286,617.311486,617.791510,Speech,0.824718,0.002066,0.824718
1287,617.791510,618.271535,Speech,0.419010,0.001253,0.419010
1288,618.271535,618.751559,Speech,0.506952,0.001497,0.506952
1289,618.751559,619.231584,Speech,0.725118,0.002587,0.725118
1290,619.231584,619.711608,Speech,0.312222,0.003884,0.312222
1291,619.711608,620.191633,Speech,0.371602,0.002076,0.371602
1292,620.191633,620.671657,"Chink, clink",0.164479,0.001381,0.164479
1293,620.671657,621.151682,Speech,0.470597,0.001452,0.470597
1294,621.151682,621.631706,Speech,0.226048,0.001741,0.226048
1295,621.631706,622.111731,Speech,0.538720,0.001536,0.538720
1296,622.111731,622.591755,Speech,0.901837,0.001924,0.901837
1297,622.591755,623.071780,Speech,0.083490,0.001520,0.083490
1298,623.071780,623.551804,Glass,0.587859,0.003119,0.587859
1299,623.551804,624.031829,Speech,0.509032,0.002179,0.509032
1300,624.031829,624.511853,Speech,0.977824,0.002010,0.977824
1301,624.511853,624.991878,Speech,0.916075,0.002049,0.916075
1302,624.991878,625.471902,Speech,0.864985,0.001951,0.864985
1303,625.471902,625.951927,Vehicle,0.206184,0.002494,0.206184
1304,625.951927,626.431951,Speech,0.186691,0.001392,0.186691
1305,626.431951,626.911976,Speech,0.854903,0.001866,0.854903
1306,626.911976,627.392000,Speech,0.811274,0.001986,0.811274
