Frame,GreenViewIndex
frame_0000,0.1926
frame_0001,0.1992
frame_0002,0.2206
frame_0003,0.2416
frame_0004,0.2574
frame_0005,0.2639
frame_0006,0.2636
frame_0007,0.2637
frame_0008,0.2734
frame_0009,0.2773
frame_0010,0.2851
frame_0011,0.2841
frame_0012,0.2824
frame_0013,0.2843
frame_0014,0.2899
frame_0015,0.2894
frame_0016,0.2966
frame_0017,0.3026
frame_0018,0.3050
frame_0019,0.2963
frame_0020,0.2978
frame_0021,0.3111
frame_0022,0.3069
frame_0023,0.3084
frame_0024,0.3074
frame_0025,0.3077
frame_0026,0.3131
frame_0027,0.3129
frame_0028,0.3100
frame_0029,0.3137
frame_0030,0.3182
frame_0031,0.3146
frame_0032,0.3119
frame_0033,0.3162
frame_0034,0.3102
frame_0035,0.3157
frame_0036,0.3111
frame_0037,0.3145
frame_0038,0.3065
frame_0039,0.3072
frame_0040,0.3040
frame_0041,0.3027
frame_0042,0.3004
frame_0043,0.3019
frame_0044,0.3026
frame_0045,0.2994
frame_0046,0.2968
frame_0047,0.2937
frame_0048,0.2933
frame_0049,0.2944
frame_0050,0.2947
frame_0051,0.2943
frame_0052,0.2921
frame_0053,0.2930
frame_0054,0.2906
frame_0055,0.2885
frame_0056,0.2873
frame_0057,0.2769
frame_0058,0.2789
frame_0059,0.2766
frame_0060,0.2671
frame_0061,0.2607
frame_0062,0.2594
frame_0063,0.2590
frame_0064,0.2548
frame_0065,0.2509
frame_0066,0.2484
frame_0067,0.2477
frame_0068,0.2454
frame_0069,0.2427
frame_0070,0.2383
frame_0071,0.2373
frame_0072,0.2343
frame_0073,0.2355
frame_0074,0.2368
frame_0075,0.2334
frame_0076,0.2328
frame_0077,0.2365
frame_0078,0.2392
frame_0079,0.2342
frame_0080,0.2333
frame_0081,0.2304
frame_0082,0.2322
frame_0083,0.2269
frame_0084,0.2321
frame_0085,0.2323
frame_0086,0.2319
frame_0087,0.2215
frame_0088,0.2265
frame_0089,0.2387
frame_0090,0.2363
frame_0091,0.2319
frame_0092,0.2235
frame_0093,0.2292
frame_0094,0.2256
frame_0095,0.2224
frame_0096,0.2211
frame_0097,0.2129
frame_0098,0.2185
frame_0099,0.2151
frame_0100,0.2149
frame_0101,0.2061
frame_0102,0.2116
frame_0103,0.2097
frame_0104,0.2104
frame_0105,0.2112
frame_0106,0.1995
frame_0107,0.1911
frame_0108,0.2051
frame_0109,0.2016
frame_0110,0.1913
frame_0111,0.1874
frame_0112,0.1770
frame_0113,0.1825
frame_0114,0.1820
frame_0115,0.1808
frame_0116,0.1855
frame_0117,0.1794
frame_0118,0.1821
frame_0119,0.1803
frame_0120,0.1804
frame_0121,0.1733
frame_0122,0.1758
frame_0123,0.1804
frame_0124,0.1843
frame_0125,0.1840
frame_0126,0.1841
frame_0127,0.1909
frame_0128,0.1932
frame_0129,0.1946
frame_0130,0.2023
frame_0131,0.2052
frame_0132,0.2110
frame_0133,0.2141
frame_0134,0.2251
frame_0135,0.2241
frame_0136,0.2297
frame_0137,0.2400
frame_0138,0.2456
frame_0139,0.2529
frame_0140,0.2590
frame_0141,0.2682
frame_0142,0.2682
frame_0143,0.2719
frame_0144,0.2752
frame_0145,0.2725
frame_0146,0.2746
frame_0147,0.2762
frame_0148,0.2772
frame_0149,0.2730
frame_0150,0.2707
frame_0151,0.2806
frame_0152,0.2706
frame_0153,0.2740
frame_0154,0.2735
frame_0155,0.2751
frame_0156,0.2722
frame_0157,0.2744
frame_0158,0.2759
frame_0159,0.2751
frame_0160,0.2778
frame_0161,0.2826
frame_0162,0.2791
frame_0163,0.2787
frame_0164,0.2760
frame_0165,0.2742
frame_0166,0.2758
frame_0167,0.2746
frame_0168,0.2784
frame_0169,0.2744
frame_0170,0.2735
frame_0171,0.2750
frame_0172,0.2748
frame_0173,0.2777
frame_0174,0.2765
frame_0175,0.2774
frame_0176,0.2737
frame_0177,0.2767
frame_0178,0.2738
frame_0179,0.2729
frame_0180,0.2750
frame_0181,0.2745
frame_0182,0.2776
frame_0183,0.2800
frame_0184,0.2846
frame_0185,0.2913
frame_0186,0.2881
frame_0187,0.2932
frame_0188,0.2944
frame_0189,0.2934
frame_0190,0.2960
frame_0191,0.2994
frame_0192,0.2996
frame_0193,0.2989
frame_0194,0.3011
frame_0195,0.2981
frame_0196,0.2989
frame_0197,0.2934
frame_0198,0.2925
frame_0199,0.2939
frame_0200,0.2921
frame_0201,0.2927
frame_0202,0.2890
frame_0203,0.2921
frame_0204,0.2977
frame_0205,0.2992
frame_0206,0.3033
frame_0207,0.3035
frame_0208,0.3039
frame_0209,0.3028
frame_0210,0.2994
frame_0211,0.2932
frame_0212,0.2868
frame_0213,0.2854
frame_0214,0.2786
frame_0215,0.2773
frame_0216,0.2781
frame_0217,0.2755
frame_0218,0.2781
frame_0219,0.2787
frame_0220,0.2773
frame_0221,0.2792
frame_0222,0.2768
frame_0223,0.2728
frame_0224,0.2717
frame_0225,0.2714
frame_0226,0.2662
frame_0227,0.2650
frame_0228,0.2592
frame_0229,0.2642
frame_0230,0.2635
frame_0231,0.2616
frame_0232,0.2662
frame_0233,0.2712
frame_0234,0.2749
frame_0235,0.2721
frame_0236,0.2697
frame_0237,0.2739
frame_0238,0.2549
frame_0239,0.2370
frame_0240,0.2263
frame_0241,0.2154
frame_0242,0.2170
frame_0243,0.2143
frame_0244,0.2124
frame_0245,0.2100
frame_0246,0.2105
frame_0247,0.2155
frame_0248,0.2200
frame_0249,0.2262
frame_0250,0.2368
frame_0251,0.2554
frame_0252,0.2498
frame_0253,0.2452
frame_0254,0.2491
frame_0255,0.2558
frame_0256,0.2548
frame_0257,0.2454
frame_0258,0.2457
frame_0259,0.2518
frame_0260,0.2551
frame_0261,0.2602
frame_0262,0.2741
frame_0263,0.2879
frame_0264,0.3038
frame_0265,0.3129
frame_0266,0.3202
frame_0267,0.3247
frame_0268,0.3270
frame_0269,0.3327
frame_0270,0.3351
frame_0271,0.3367
frame_0272,0.3388
frame_0273,0.3383
frame_0274,0.3453
frame_0275,0.3545
frame_0276,0.3626
frame_0277,0.3748
frame_0278,0.3712
frame_0279,0.3733
frame_0280,0.3700
frame_0281,0.3709
frame_0282,0.3728
frame_0283,0.3621
frame_0284,0.3584
frame_0285,0.3613
frame_0286,0.3649
frame_0287,0.3682
frame_0288,0.3645
frame_0289,0.3625
frame_0290,0.3534
frame_0291,0.3415
frame_0292,0.3363
frame_0293,0.3307
frame_0294,0.3256
frame_0295,0.3176
frame_0296,0.3086
frame_0297,0.3091
frame_0298,0.3006
frame_0299,0.2928
frame_0300,0.2931
frame_0301,0.2746
frame_0302,0.2718
frame_0303,0.2681
frame_0304,0.2641
frame_0305,0.2640
frame_0306,0.2682
frame_0307,0.2673
frame_0308,0.2574
frame_0309,0.2571
frame_0310,0.2532
frame_0311,0.2524
frame_0312,0.2477
frame_0313,0.2430
frame_0314,0.2385
frame_0315,0.2329
frame_0316,0.2284
frame_0317,0.2296
frame_0318,0.2215
frame_0319,0.2175
frame_0320,0.2133
frame_0321,0.1958
frame_0322,0.1953
frame_0323,0.1869
frame_0324,0.1787
frame_0325,0.1705
frame_0326,0.1662
frame_0327,0.1625
frame_0328,0.1528
frame_0329,0.1458
frame_0330,0.1392
frame_0331,0.1335
frame_0332,0.1273
frame_0333,0.1151
frame_0334,0.1135
frame_0335,0.1098
frame_0336,0.1056
frame_0337,0.1013
frame_0338,0.0971
frame_0339,0.0936
frame_0340,0.0906
frame_0341,0.0866
frame_0342,0.0802
frame_0343,0.0761
frame_0344,0.0704
frame_0345,0.0652
frame_0346,0.0610
frame_0347,0.0574
frame_0348,0.0549
frame_0349,0.0513
frame_0350,0.0510
frame_0351,0.0503
frame_0352,0.0483
frame_0353,0.0473
frame_0354,0.0453
frame_0355,0.0438
frame_0356,0.0423
frame_0357,0.0437
frame_0358,0.0442
frame_0359,0.0444
frame_0360,0.0444
frame_0361,0.0441
frame_0362,0.0452
frame_0363,0.0468
frame_0364,0.0472
frame_0365,0.0486
frame_0366,0.0512
frame_0367,0.0539
frame_0368,0.0558
frame_0369,0.0569
frame_0370,0.0592
frame_0371,0.0618
frame_0372,0.0644
frame_0373,0.0694
frame_0374,0.0725
frame_0375,0.0769
frame_0376,0.0828
frame_0377,0.0866
frame_0378,0.0934
frame_0379,0.0986
frame_0380,0.1076
frame_0381,0.1164
frame_0382,0.1225
frame_0383,0.1317
frame_0384,0.1381
frame_0385,0.1492
frame_0386,0.1592
frame_0387,0.1670
frame_0388,0.1777
frame_0389,0.1881
frame_0390,0.1972
frame_0391,0.2081
frame_0392,0.2150
frame_0393,0.2319
frame_0394,0.2469
frame_0395,0.2624
frame_0396,0.2770
frame_0397,0.2876
frame_0398,0.2981
frame_0399,0.3066
frame_0400,0.3122
frame_0401,0.3195
frame_0402,0.3195
frame_0403,0.3253
frame_0404,0.3258
frame_0405,0.3235
frame_0406,0.3239
frame_0407,0.3216
frame_0408,0.3286
frame_0409,0.3244
frame_0410,0.3255
frame_0411,0.3307
frame_0412,0.3296
frame_0413,0.3317
frame_0414,0.3317
frame_0415,0.3364
frame_0416,0.3406
frame_0417,0.3420
frame_0418,0.3406
frame_0419,0.3424
frame_0420,0.3439
frame_0421,0.3419
frame_0422,0.3370
frame_0423,0.3381
frame_0424,0.3382
frame_0425,0.3347
frame_0426,0.3367
frame_0427,0.3320
frame_0428,0.3345
frame_0429,0.3304
frame_0430,0.3290
frame_0431,0.3346
frame_0432,0.3290
frame_0433,0.3345
frame_0434,0.3401
frame_0435,0.3477
frame_0436,0.3608
frame_0437,0.3446
frame_0438,0.3385
frame_0439,0.3246
frame_0440,0.3207
frame_0441,0.3030
frame_0442,0.2810
frame_0443,0.2611
frame_0444,0.2462
frame_0445,0.2357
frame_0446,0.2314
frame_0447,0.2251
frame_0448,0.2124
frame_0449,0.2041
frame_0450,0.2011
frame_0451,0.1938
frame_0452,0.1893
frame_0453,0.1853
frame_0454,0.1852
frame_0455,0.1829
frame_0456,0.1799
frame_0457,0.1846
frame_0458,0.1825
frame_0459,0.1785
frame_0460,0.1623
frame_0461,0.1588
frame_0462,0.1528
frame_0463,0.1484
frame_0464,0.1407
frame_0465,0.1269
frame_0466,0.1156
frame_0467,0.1100
frame_0468,0.1026
frame_0469,0.1044
frame_0470,0.1021
frame_0471,0.1029
frame_0472,0.1025
frame_0473,0.1071
frame_0474,0.1060
frame_0475,0.1079
frame_0476,0.1113
frame_0477,0.1176
frame_0478,0.1224
frame_0479,0.1278
frame_0480,0.1315
frame_0481,0.1381
frame_0482,0.1451
frame_0483,0.1512
frame_0484,0.1560
frame_0485,0.1652
frame_0486,0.1687
frame_0487,0.1777
frame_0488,0.1845
frame_0489,0.1958
frame_0490,0.2071
frame_0491,0.2190
frame_0492,0.2344
frame_0493,0.2468
frame_0494,0.2641
frame_0495,0.2887
frame_0496,0.2929
frame_0497,0.3031
frame_0498,0.3089
frame_0499,0.3120
frame_0500,0.3168
frame_0501,0.3178
frame_0502,0.3210
frame_0503,0.3249
frame_0504,0.3342
frame_0505,0.3383
frame_0506,0.3387
frame_0507,0.3445
frame_0508,0.3462
frame_0509,0.3487
frame_0510,0.3521
frame_0511,0.3535
frame_0512,0.3594
frame_0513,0.3609
frame_0514,0.3649
frame_0515,0.3637
frame_0516,0.3697
frame_0517,0.3725
frame_0518,0.3660
frame_0519,0.3646
frame_0520,0.3722
frame_0521,0.3737
frame_0522,0.3673
frame_0523,0.3706
frame_0524,0.3745
frame_0525,0.3735
frame_0526,0.3801
frame_0527,0.3837
frame_0528,0.3905
frame_0529,0.3944
frame_0530,0.4011
frame_0531,0.4046
frame_0532,0.4124
frame_0533,0.4150
frame_0534,0.4208
frame_0535,0.4177
frame_0536,0.4209
frame_0537,0.4257
frame_0538,0.4283
frame_0539,0.4264
frame_0540,0.4270
frame_0541,0.4261
frame_0542,0.4288
frame_0543,0.4281
frame_0544,0.4278
frame_0545,0.4426
frame_0546,0.4468
frame_0547,0.4484
frame_0548,0.4487
frame_0549,0.4483
frame_0550,0.4470
frame_0551,0.4413
frame_0552,0.4428
frame_0553,0.4368
frame_0554,0.4341
frame_0555,0.4340
frame_0556,0.4327
frame_0557,0.4325
frame_0558,0.4402
frame_0559,0.4444
frame_0560,0.4425
frame_0561,0.4470
frame_0562,0.4443
frame_0563,0.4444
frame_0564,0.4435
frame_0565,0.4379
frame_0566,0.4330
frame_0567,0.4221
frame_0568,0.4127
frame_0569,0.4059
frame_0570,0.4104
frame_0571,0.4229
frame_0572,0.4218
frame_0573,0.4357
frame_0574,0.4278
frame_0575,0.4368
frame_0576,0.4412
frame_0577,0.4441
frame_0578,0.4447
frame_0579,0.4268
frame_0580,0.4209
frame_0581,0.4193
frame_0582,0.4177
frame_0583,0.4193
frame_0584,0.4154
frame_0585,0.4164
frame_0586,0.4131
frame_0587,0.4056
frame_0588,0.3985
frame_0589,0.3951
frame_0590,0.3898
frame_0591,0.3927
frame_0592,0.3874
frame_0593,0.3805
frame_0594,0.3760
frame_0595,0.3733
frame_0596,0.3819
frame_0597,0.3807
frame_0598,0.3856
frame_0599,0.3884
frame_0600,0.3882
frame_0601,0.3959
frame_0602,0.3950
frame_0603,0.3964
frame_0604,0.3919
frame_0605,0.3918
frame_0606,0.3974
frame_0607,0.4037
frame_0608,0.4005
frame_0609,0.4036
frame_0610,0.4006
frame_0611,0.4018
frame_0612,0.3995
frame_0613,0.4021
frame_0614,0.4035
frame_0615,0.4061
frame_0616,0.4001
frame_0617,0.3962
frame_0618,0.3963
frame_0619,0.3960
frame_0620,0.3897
frame_0621,0.3890
frame_0622,0.3841
frame_0623,0.3819
frame_0624,0.3756
frame_0625,0.3709
frame_0626,0.3678
frame_0627,0.3687
frame_0628,0.3632
frame_0629,0.3655
frame_0630,0.3576
frame_0631,0.3620
frame_0632,0.3571
frame_0633,0.3559
frame_0634,0.3583
frame_0635,0.3532
frame_0636,0.3578
frame_0637,0.3568
frame_0638,0.3554
frame_0639,0.3534
frame_0640,0.3454
frame_0641,0.3497
frame_0642,0.3443
frame_0643,0.3528
frame_0644,0.3633
frame_0645,0.3687
frame_0646,0.3597
frame_0647,0.3495
frame_0648,0.3463
frame_0649,0.3312
frame_0650,0.3222
frame_0651,0.3085
frame_0652,0.2976
frame_0653,0.2865
frame_0654,0.2780
frame_0655,0.2670
frame_0656,0.2600
frame_0657,0.2497
frame_0658,0.2404
frame_0659,0.2306
frame_0660,0.2215
frame_0661,0.2164
frame_0662,0.2047
frame_0663,0.1944
frame_0664,0.1879
frame_0665,0.1776
frame_0666,0.1821
frame_0667,0.1742
frame_0668,0.1747
frame_0669,0.1705
frame_0670,0.1571
frame_0671,0.1500
frame_0672,0.1442
frame_0673,0.1355
frame_0674,0.1335
frame_0675,0.1259
frame_0676,0.1277
frame_0677,0.1294
frame_0678,0.1279
frame_0679,0.1280
frame_0680,0.1275
frame_0681,0.1276
frame_0682,0.1300
frame_0683,0.1278
frame_0684,0.1276
frame_0685,0.1302
frame_0686,0.1291
frame_0687,0.1311
frame_0688,0.1317
frame_0689,0.1329
frame_0690,0.1347
frame_0691,0.1353
frame_0692,0.1352
frame_0693,0.1364
frame_0694,0.1393
frame_0695,0.1423
frame_0696,0.1432
frame_0697,0.1481
frame_0698,0.1531
frame_0699,0.1549
frame_0700,0.1604
frame_0701,0.1672
frame_0702,0.1725
frame_0703,0.1759
frame_0704,0.1839
frame_0705,0.1908
frame_0706,0.1966
frame_0707,0.2047
frame_0708,0.2116
frame_0709,0.2138
frame_0710,0.2175
frame_0711,0.2213
frame_0712,0.2262
frame_0713,0.2329
frame_0714,0.2369
frame_0715,0.2439
frame_0716,0.2468
frame_0717,0.2538
frame_0718,0.2640
frame_0719,0.2670
frame_0720,0.2698
frame_0721,0.2692
frame_0722,0.2641
frame_0723,0.2654
frame_0724,0.2590
frame_0725,0.2613
frame_0726,0.2646
frame_0727,0.2727
frame_0728,0.2811
frame_0729,0.2891
frame_0730,0.2969
frame_0731,0.3088
frame_0732,0.3155
frame_0733,0.3332
frame_0734,0.3372
frame_0735,0.3342
frame_0736,0.3348
frame_0737,0.3324
frame_0738,0.3282
frame_0739,0.3357
frame_0740,0.3511
frame_0741,0.3593
frame_0742,0.3445
frame_0743,0.3270
frame_0744,0.3159
frame_0745,0.3075
frame_0746,0.3041
frame_0747,0.3057
frame_0748,0.2992
frame_0749,0.3059
frame_0750,0.3080
frame_0751,0.3061
frame_0752,0.3055
frame_0753,0.3070
frame_0754,0.3127
frame_0755,0.3334
frame_0756,0.3459
frame_0757,0.3473
frame_0758,0.3436
frame_0759,0.3475
frame_0760,0.3482
frame_0761,0.3519
frame_0762,0.3593
frame_0763,0.3655
frame_0764,0.3616
frame_0765,0.3650
frame_0766,0.3639
frame_0767,0.3653
frame_0768,0.3679
frame_0769,0.3685
frame_0770,0.3707
frame_0771,0.3772
frame_0772,0.3839
frame_0773,0.3682
frame_0774,0.3514
frame_0775,0.3466
frame_0776,0.3362
frame_0777,0.3299
frame_0778,0.3284
frame_0779,0.3210
frame_0780,0.3144
frame_0781,0.3106
frame_0782,0.2997
frame_0783,0.2912
frame_0784,0.2816
frame_0785,0.2690
frame_0786,0.2590
frame_0787,0.2488
frame_0788,0.2491
frame_0789,0.2550
frame_0790,0.2715
frame_0791,0.2741
frame_0792,0.2481
frame_0793,0.2447
frame_0794,0.2320
frame_0795,0.2265
frame_0796,0.2254
frame_0797,0.2127
frame_0798,0.2114
frame_0799,0.1959
frame_0800,0.1922
frame_0801,0.1894
frame_0802,0.1822
frame_0803,0.1778
frame_0804,0.1709
frame_0805,0.1659
frame_0806,0.1614
frame_0807,0.1518
frame_0808,0.1488
frame_0809,0.1451
frame_0810,0.1432
frame_0811,0.1380
frame_0812,0.1337
frame_0813,0.1310
frame_0814,0.1275
frame_0815,0.1243
frame_0816,0.1212
frame_0817,0.1167
frame_0818,0.1132
frame_0819,0.1086
frame_0820,0.1037
frame_0821,0.0994
frame_0822,0.0947
frame_0823,0.0909
frame_0824,0.0869
frame_0825,0.0827
frame_0826,0.0818
frame_0827,0.0771
frame_0828,0.0742
frame_0829,0.0722
frame_0830,0.0691
frame_0831,0.0676
frame_0832,0.0645
frame_0833,0.0646
frame_0834,0.0768
frame_0835,0.0754
frame_0836,0.0633
frame_0837,0.0637
frame_0838,0.0640
frame_0839,0.0649
frame_0840,0.0657
frame_0841,0.0673
frame_0842,0.0694
frame_0843,0.0712
frame_0844,0.0711
frame_0845,0.0719
frame_0846,0.0740
frame_0847,0.0750
frame_0848,0.0763
frame_0849,0.0801
frame_0850,0.0808
frame_0851,0.0842
frame_0852,0.0860
frame_0853,0.0880
frame_0854,0.0906
frame_0855,0.0949
frame_0856,0.0987
frame_0857,0.1006
frame_0858,0.1036
frame_0859,0.1096
frame_0860,0.1115
frame_0861,0.1180
frame_0862,0.1334
frame_0863,0.1485
frame_0864,0.1494
frame_0865,0.1523
frame_0866,0.1630
frame_0867,0.1630
frame_0868,0.1686
frame_0869,0.1716
frame_0870,0.1816
frame_0871,0.1904
frame_0872,0.1973
frame_0873,0.2096
frame_0874,0.2129
frame_0875,0.2247
frame_0876,0.2373
frame_0877,0.2536
frame_0878,0.2691
frame_0879,0.2871
frame_0880,0.3033
frame_0881,0.3030
frame_0882,0.3130
frame_0883,0.3123
frame_0884,0.3122
frame_0885,0.3155
frame_0886,0.3217
frame_0887,0.3291
frame_0888,0.3422
frame_0889,0.3523
frame_0890,0.3563
frame_0891,0.3699
frame_0892,0.3689
frame_0893,0.3665
frame_0894,0.3838
frame_0895,0.3835
frame_0896,0.3845
frame_0897,0.3862
frame_0898,0.3791
frame_0899,0.3721
frame_0900,0.3811
frame_0901,0.3709
frame_0902,0.3732
frame_0903,0.3719
frame_0904,0.3677
frame_0905,0.3695
frame_0906,0.3691
frame_0907,0.3763
frame_0908,0.3792
frame_0909,0.4008
frame_0910,0.4006
frame_0911,0.4152
frame_0912,0.4257
frame_0913,0.4224
frame_0914,0.4159
frame_0915,0.4184
frame_0916,0.4232
frame_0917,0.4209
frame_0918,0.4228
frame_0919,0.4236
frame_0920,0.4218
frame_0921,0.4278
frame_0922,0.4262
frame_0923,0.4297
frame_0924,0.4357
frame_0925,0.4342
frame_0926,0.4223
frame_0927,0.4073
frame_0928,0.3963
frame_0929,0.3891
frame_0930,0.3828
frame_0931,0.3736
frame_0932,0.3673
frame_0933,0.3646
frame_0934,0.3579
frame_0935,0.3568
frame_0936,0.3513
frame_0937,0.3494
frame_0938,0.3449
frame_0939,0.3412
frame_0940,0.3472
frame_0941,0.3462
frame_0942,0.3476
frame_0943,0.3544
frame_0944,0.3535
frame_0945,0.3700
frame_0946,0.3763
frame_0947,0.3879
frame_0948,0.3958
frame_0949,0.3874
frame_0950,0.3832
frame_0951,0.3927
frame_0952,0.3854
frame_0953,0.3877
frame_0954,0.3795
frame_0955,0.3769
frame_0956,0.3694
frame_0957,0.3552
frame_0958,0.3524
frame_0959,0.3398
frame_0960,0.3278
frame_0961,0.3214
frame_0962,0.3122
frame_0963,0.3062
frame_0964,0.2949
frame_0965,0.2833
frame_0966,0.2735
frame_0967,0.2650
frame_0968,0.2544
frame_0969,0.2428
frame_0970,0.2317
frame_0971,0.2296
frame_0972,0.2143
frame_0973,0.2089
frame_0974,0.1986
frame_0975,0.1896
frame_0976,0.1774
frame_0977,0.1698
frame_0978,0.1597
frame_0979,0.1516
frame_0980,0.1394
frame_0981,0.1337
frame_0982,0.1285
frame_0983,0.1202
frame_0984,0.1166
frame_0985,0.1075
frame_0986,0.1026
frame_0987,0.0974
frame_0988,0.0902
frame_0989,0.0898
frame_0990,0.0859
frame_0991,0.0828
frame_0992,0.0785
frame_0993,0.0740
frame_0994,0.0680
frame_0995,0.0653
frame_0996,0.0602
frame_0997,0.0573
frame_0998,0.0543
frame_0999,0.0537
frame_1000,0.0511
frame_1001,0.0500
frame_1002,0.0492
frame_1003,0.0491
frame_1004,0.0482
frame_1005,0.0494
frame_1006,0.0490
frame_1007,0.0484
frame_1008,0.0468
frame_1009,0.0444
frame_1010,0.0430
frame_1011,0.0416
frame_1012,0.0398
frame_1013,0.0409
frame_1014,0.0396
frame_1015,0.0397
frame_1016,0.0398
frame_1017,0.0410
frame_1018,0.0435
frame_1019,0.0444
frame_1020,0.0490
frame_1021,0.0458
frame_1022,0.0447
frame_1023,0.0412
frame_1024,0.0399
frame_1025,0.0344
frame_1026,0.0321
frame_1027,0.0319
frame_1028,0.0317
frame_1029,0.0330
frame_1030,0.0341
frame_1031,0.0347
frame_1032,0.0372
frame_1033,0.0354
frame_1034,0.0348
frame_1035,0.0350
frame_1036,0.0403
frame_1037,0.0402
frame_1038,0.0427
frame_1039,0.0469
frame_1040,0.0469
frame_1041,0.0514
frame_1042,0.0626
frame_1043,0.0684
frame_1044,0.0724
frame_1045,0.0649
frame_1046,0.0624
frame_1047,0.0580
frame_1048,0.0587
frame_1049,0.0550
frame_1050,0.0537
frame_1051,0.0511
frame_1052,0.0522
frame_1053,0.0517
frame_1054,0.0527
frame_1055,0.0579
frame_1056,0.0595
frame_1057,0.0640
frame_1058,0.0551
frame_1059,0.0399
frame_1060,0.0314
frame_1061,0.0241
frame_1062,0.0218
frame_1063,0.0214
frame_1064,0.0213
frame_1065,0.0216
frame_1066,0.0233
frame_1067,0.0222
frame_1068,0.0188
frame_1069,0.0196
frame_1070,0.0208
frame_1071,0.0210
frame_1072,0.0222
frame_1073,0.0219
frame_1074,0.0230
frame_1075,0.0241
frame_1076,0.0249
frame_1077,0.0250
frame_1078,0.0262
frame_1079,0.0254
frame_1080,0.0261
frame_1081,0.0281
frame_1082,0.0272
frame_1083,0.0286
frame_1084,0.0309
frame_1085,0.0312
frame_1086,0.0361
frame_1087,0.0418
frame_1088,0.0547
frame_1089,0.0570
frame_1090,0.0597
frame_1091,0.0634
frame_1092,0.0631
frame_1093,0.0691
frame_1094,0.0710
frame_1095,0.0697
frame_1096,0.0749
frame_1097,0.0832
frame_1098,0.0928
frame_1099,0.0961
frame_1100,0.0964
frame_1101,0.0974
frame_1102,0.0948
frame_1103,0.0893
frame_1104,0.0859
frame_1105,0.0861
frame_1106,0.0862
frame_1107,0.0887
frame_1108,0.0893
frame_1109,0.0926
frame_1110,0.1007
frame_1111,0.1039
frame_1112,0.1125
frame_1113,0.1219
frame_1114,0.1303
frame_1115,0.1362
frame_1116,0.1467
frame_1117,0.1539
frame_1118,0.1652
frame_1119,0.1738
frame_1120,0.1932
frame_1121,0.2094
frame_1122,0.2268
frame_1123,0.2506
frame_1124,0.2851
frame_1125,0.2973
frame_1126,0.3107
frame_1127,0.3230
frame_1128,0.3292
frame_1129,0.3563
frame_1130,0.3717
frame_1131,0.3711
frame_1132,0.3605
frame_1133,0.3499
frame_1134,0.3452
frame_1135,0.3397
frame_1136,0.3404
frame_1137,0.3453
frame_1138,0.3441
frame_1139,0.3467
frame_1140,0.3418
frame_1141,0.3444
frame_1142,0.3468
frame_1143,0.3465
frame_1144,0.3450
frame_1145,0.3493
frame_1146,0.3531
frame_1147,0.3551
frame_1148,0.3658
frame_1149,0.3685
frame_1150,0.3672
frame_1151,0.3718
frame_1152,0.3671
frame_1153,0.3549
frame_1154,0.3405
frame_1155,0.3406
frame_1156,0.3326
frame_1157,0.3239
frame_1158,0.3170
frame_1159,0.3128
frame_1160,0.3082
frame_1161,0.3083
frame_1162,0.3105
frame_1163,0.3134
frame_1164,0.3165
frame_1165,0.3268
frame_1166,0.3416
frame_1167,0.3460
frame_1168,0.3269
frame_1169,0.3120
frame_1170,0.3056
frame_1171,0.2885
frame_1172,0.2777
frame_1173,0.2694
frame_1174,0.2635
frame_1175,0.2638
frame_1176,0.2568
frame_1177,0.2520
frame_1178,0.2524
frame_1179,0.2478
frame_1180,0.2418
frame_1181,0.2417
frame_1182,0.2358
frame_1183,0.2366
frame_1184,0.2398
frame_1185,0.2417
frame_1186,0.2451
frame_1187,0.2530
frame_1188,0.2573
frame_1189,0.2672
frame_1190,0.2722
frame_1191,0.2830
frame_1192,0.2890
frame_1193,0.2988
frame_1194,0.3245
frame_1195,0.3409
frame_1196,0.3452
frame_1197,0.3517
frame_1198,0.3536
frame_1199,0.3602
frame_1200,0.3709
frame_1201,0.3755
frame_1202,0.3904
frame_1203,0.3958
frame_1204,0.3936
frame_1205,0.3829
frame_1206,0.3684
frame_1207,0.3596
frame_1208,0.3557
frame_1209,0.3580
frame_1210,0.3768
frame_1211,0.3659
frame_1212,0.3567
frame_1213,0.3436
frame_1214,0.3306
frame_1215,0.3249
frame_1216,0.3084
frame_1217,0.2988
frame_1218,0.2921
frame_1219,0.2729
frame_1220,0.2638
frame_1221,0.2587
frame_1222,0.2546
frame_1223,0.2432
frame_1224,0.2445
frame_1225,0.2382
frame_1226,0.2242
frame_1227,0.2168
frame_1228,0.2090
frame_1229,0.2004
frame_1230,0.2066
frame_1231,0.1957
frame_1232,0.2013
frame_1233,0.2121
frame_1234,0.2185
frame_1235,0.2179
frame_1236,0.2135
frame_1237,0.2024
frame_1238,0.2003
frame_1239,0.1930
frame_1240,0.1885
frame_1241,0.1856
frame_1242,0.1872
frame_1243,0.1819
frame_1244,0.1801
frame_1245,0.1811
frame_1246,0.1800
frame_1247,0.1779
frame_1248,0.1764
frame_1249,0.1750
frame_1250,0.1695
frame_1251,0.1687
frame_1252,0.1650
frame_1253,0.1617
frame_1254,0.1604
frame_1255,0.1601
frame_1256,0.1542
frame_1257,0.1525
frame_1258,0.1461
frame_1259,0.1435
frame_1260,0.1428
frame_1261,0.1390
frame_1262,0.1196
frame_1263,0.1110
frame_1264,0.1011
frame_1265,0.0968
frame_1266,0.0913
frame_1267,0.0850
frame_1268,0.0798
frame_1269,0.0752
frame_1270,0.0706
frame_1271,0.0675
frame_1272,0.0661
frame_1273,0.0629
frame_1274,0.0596
frame_1275,0.0569
frame_1276,0.0542
frame_1277,0.0511
frame_1278,0.0474
frame_1279,0.0480
frame_1280,0.0435
frame_1281,0.0405
frame_1282,0.0398
frame_1283,0.0373
frame_1284,0.0352
frame_1285,0.0344
frame_1286,0.0319
frame_1287,0.0303
frame_1288,0.0296
frame_1289,0.0285
frame_1290,0.0278
frame_1291,0.0269
frame_1292,0.0264
frame_1293,0.0253
frame_1294,0.0242
frame_1295,0.0237
frame_1296,0.0230
frame_1297,0.0230
frame_1298,0.0226
frame_1299,0.0215
frame_1300,0.0212
frame_1301,0.0207
frame_1302,0.0212
frame_1303,0.0204
frame_1304,0.0206
frame_1305,0.0208
frame_1306,0.0202
frame_1307,0.0199
frame_1308,0.0189
frame_1309,0.0189
frame_1310,0.0174
frame_1311,0.0173
frame_1312,0.0171
frame_1313,0.0166
frame_1314,0.0165
frame_1315,0.0163
frame_1316,0.0161
frame_1317,0.0161
frame_1318,0.0155
frame_1319,0.0156
frame_1320,0.0158
frame_1321,0.0145
frame_1322,0.0149
frame_1323,0.0138
frame_1324,0.0139
frame_1325,0.0143
frame_1326,0.0140
frame_1327,0.0146
frame_1328,0.0147
frame_1329,0.0152
frame_1330,0.0142
frame_1331,0.0137
frame_1332,0.0141
frame_1333,0.0133
frame_1334,0.0135
frame_1335,0.0142
frame_1336,0.0149
frame_1337,0.0147
frame_1338,0.0145
frame_1339,0.0144
frame_1340,0.0145
frame_1341,0.0147
frame_1342,0.0151
frame_1343,0.0149
frame_1344,0.0151
frame_1345,0.0149
frame_1346,0.0156
frame_1347,0.0161
frame_1348,0.0168
frame_1349,0.0178
frame_1350,0.0180
frame_1351,0.0189
frame_1352,0.0198
frame_1353,0.0199
frame_1354,0.0231
frame_1355,0.0199
frame_1356,0.0211
frame_1357,0.0222
frame_1358,0.0233
frame_1359,0.0261
frame_1360,0.0290
frame_1361,0.0276
frame_1362,0.0270
frame_1363,0.0233
frame_1364,0.0229
frame_1365,0.0262
frame_1366,0.0281
frame_1367,0.0306
frame_1368,0.0377
frame_1369,0.0379
frame_1370,0.0289
frame_1371,0.0227
frame_1372,0.0216
frame_1373,0.0242
frame_1374,0.0266
frame_1375,0.0256
frame_1376,0.0337
frame_1377,0.0317
frame_1378,0.0279
frame_1379,0.0267
frame_1380,0.0280
frame_1381,0.0326
frame_1382,0.0304
frame_1383,0.0314
frame_1384,0.0341
frame_1385,0.0361
frame_1386,0.0382
frame_1387,0.0417
frame_1388,0.0438
frame_1389,0.0472
frame_1390,0.0533
frame_1391,0.0637
frame_1392,0.0789
frame_1393,0.0901
frame_1394,0.1137
frame_1395,0.1346
frame_1396,0.1525
frame_1397,0.1665
frame_1398,0.1734
frame_1399,0.1946
frame_1400,0.1880
frame_1401,0.1929
frame_1402,0.1920
frame_1403,0.1916
frame_1404,0.1944
frame_1405,0.1977
frame_1406,0.1931
frame_1407,0.1998
frame_1408,0.2040
frame_1409,0.2054
frame_1410,0.2074
frame_1411,0.2081
frame_1412,0.2261
frame_1413,0.2245
frame_1414,0.2216
frame_1415,0.2142
frame_1416,0.2113
frame_1417,0.2154
frame_1418,0.2131
frame_1419,0.2057
frame_1420,0.2039
frame_1421,0.1971
frame_1422,0.1931
frame_1423,0.1874
frame_1424,0.1801
frame_1425,0.1796
frame_1426,0.1757
frame_1427,0.1824
frame_1428,0.1902
frame_1429,0.1923
frame_1430,0.1784
frame_1431,0.1745
frame_1432,0.1703
frame_1433,0.1703
frame_1434,0.1685
frame_1435,0.1705
frame_1436,0.1739
frame_1437,0.1753
frame_1438,0.1785
frame_1439,0.1853
frame_1440,0.1869
frame_1441,0.1949
frame_1442,0.2005
frame_1443,0.2061
frame_1444,0.2123
frame_1445,0.2224
frame_1446,0.2293
frame_1447,0.2380
frame_1448,0.2475
frame_1449,0.2548
frame_1450,0.2599
frame_1451,0.2690
frame_1452,0.2849
frame_1453,0.3072
frame_1454,0.3241
frame_1455,0.3283
frame_1456,0.3265
frame_1457,0.3258
frame_1458,0.3231
frame_1459,0.3298
frame_1460,0.3332
frame_1461,0.3359
frame_1462,0.3332
frame_1463,0.3280
frame_1464,0.3318
frame_1465,0.3334
frame_1466,0.3366
frame_1467,0.3397
frame_1468,0.3418
frame_1469,0.3447
frame_1470,0.3451
frame_1471,0.3504
frame_1472,0.3538
frame_1473,0.3566
frame_1474,0.3629
frame_1475,0.3627
frame_1476,0.3628
frame_1477,0.3599
frame_1478,0.3660
frame_1479,0.3700
frame_1480,0.3741
frame_1481,0.3779
frame_1482,0.3848
frame_1483,0.3880
frame_1484,0.3872
frame_1485,0.3810
frame_1486,0.3787
frame_1487,0.3720
frame_1488,0.3661
frame_1489,0.3655
frame_1490,0.3624
frame_1491,0.3588
frame_1492,0.3484
frame_1493,0.3418
frame_1494,0.3338
frame_1495,0.3273
frame_1496,0.3253
frame_1497,0.3260
frame_1498,0.3279
frame_1499,0.3314
frame_1500,0.3330
frame_1501,0.3226
frame_1502,0.3218
frame_1503,0.3165
frame_1504,0.3157
frame_1505,0.3163
frame_1506,0.3086
frame_1507,0.3071
frame_1508,0.3024
frame_1509,0.3058
frame_1510,0.3065
frame_1511,0.3078
frame_1512,0.3138
frame_1513,0.3120
frame_1514,0.3108
frame_1515,0.3096
frame_1516,0.3100
frame_1517,0.3123
frame_1518,0.3096
frame_1519,0.3097
frame_1520,0.3104
frame_1521,0.3099
frame_1522,0.3102
frame_1523,0.3094
frame_1524,0.3102
frame_1525,0.3033
frame_1526,0.2888
frame_1527,0.2914
frame_1528,0.2866
frame_1529,0.2895
frame_1530,0.2911
frame_1531,0.2917
frame_1532,0.2932
frame_1533,0.2921
frame_1534,0.2918
frame_1535,0.2950
frame_1536,0.3000
frame_1537,0.3012
frame_1538,0.3030
frame_1539,0.3070
frame_1540,0.3053
frame_1541,0.3015
frame_1542,0.2968
frame_1543,0.2956
frame_1544,0.2927
frame_1545,0.2948
frame_1546,0.2957
frame_1547,0.3008
frame_1548,0.2990
frame_1549,0.3011
frame_1550,0.3067
frame_1551,0.3082
frame_1552,0.3140
frame_1553,0.3166
frame_1554,0.3225
frame_1555,0.3257
frame_1556,0.3296
frame_1557,0.3301
frame_1558,0.3319
frame_1559,0.3290
frame_1560,0.3257
frame_1561,0.3276
frame_1562,0.3278
frame_1563,0.3304
frame_1564,0.3271
frame_1565,0.3224
frame_1566,0.3248
frame_1567,0.3209
frame_1568,0.3224
frame_1569,0.3249
frame_1570,0.3261
frame_1571,0.3344
frame_1572,0.3371
frame_1573,0.3363
frame_1574,0.3339
frame_1575,0.3284
frame_1576,0.3277
frame_1577,0.3270
frame_1578,0.3264
frame_1579,0.3271
frame_1580,0.3285
frame_1581,0.3379
frame_1582,0.3334
frame_1583,0.3413
frame_1584,0.3450
frame_1585,0.3555
frame_1586,0.3703
frame_1587,0.3768
frame_1588,0.3899
frame_1589,0.4054
frame_1590,0.4067
frame_1591,0.4105
frame_1592,0.4170
frame_1593,0.4189
frame_1594,0.4193
frame_1595,0.4212
frame_1596,0.4084
frame_1597,0.4032
frame_1598,0.3931
frame_1599,0.3946
frame_1600,0.3879
frame_1601,0.3924
frame_1602,0.4072
frame_1603,0.4135
frame_1604,0.4108
frame_1605,0.4045
frame_1606,0.4036
frame_1607,0.3999
frame_1608,0.4100
frame_1609,0.4117
frame_1610,0.4074
frame_1611,0.4018
frame_1612,0.3988
frame_1613,0.3957
frame_1614,0.4054
frame_1615,0.4078
frame_1616,0.4115
frame_1617,0.3949
frame_1618,0.3936
frame_1619,0.3898
frame_1620,0.3807
frame_1621,0.3824
frame_1622,0.3767
frame_1623,0.3868
frame_1624,0.4026
frame_1625,0.4048
frame_1626,0.3926
frame_1627,0.3822
frame_1628,0.3799
frame_1629,0.3858
frame_1630,0.3936
frame_1631,0.3980
frame_1632,0.4126
frame_1633,0.3993
frame_1634,0.3949
frame_1635,0.3850
frame_1636,0.3729
frame_1637,0.3670
frame_1638,0.3685
frame_1639,0.3685
frame_1640,0.3690
frame_1641,0.3689
frame_1642,0.3682
frame_1643,0.3695
frame_1644,0.3668
frame_1645,0.3687
frame_1646,0.3669
frame_1647,0.3683
frame_1648,0.3697
frame_1649,0.3735
frame_1650,0.3843
frame_1651,0.3797
frame_1652,0.3682
frame_1653,0.3602
frame_1654,0.3521
frame_1655,0.3560
frame_1656,0.3638
frame_1657,0.3645
frame_1658,0.3670
frame_1659,0.3675
frame_1660,0.3643
frame_1661,0.3706
frame_1662,0.3768
frame_1663,0.3774
frame_1664,0.3754
frame_1665,0.3682
frame_1666,0.3576
frame_1667,0.3504
frame_1668,0.3449
frame_1669,0.3392
frame_1670,0.3374
frame_1671,0.3223
frame_1672,0.3062
frame_1673,0.2838
frame_1674,0.2815
frame_1675,0.2753
frame_1676,0.2687
frame_1677,0.2602
frame_1678,0.2567
frame_1679,0.2545
frame_1680,0.2482
frame_1681,0.2496
frame_1682,0.2438
frame_1683,0.2445
frame_1684,0.2426
frame_1685,0.2439
frame_1686,0.2460
frame_1687,0.2566
frame_1688,0.2623
frame_1689,0.2611
frame_1690,0.2690
frame_1691,0.2745
frame_1692,0.2871
frame_1693,0.2949
frame_1694,0.3086
frame_1695,0.3198
frame_1696,0.3341
frame_1697,0.3436
frame_1698,0.3543
frame_1699,0.3617
frame_1700,0.3715
frame_1701,0.3781
frame_1702,0.3861
frame_1703,0.3941
frame_1704,0.3987
frame_1705,0.4049
frame_1706,0.4097
frame_1707,0.4065
frame_1708,0.4061
frame_1709,0.4136
frame_1710,0.4117
frame_1711,0.4078
frame_1712,0.4097
frame_1713,0.4023
frame_1714,0.3951
frame_1715,0.3939
frame_1716,0.3972
frame_1717,0.3906
frame_1718,0.3976
frame_1719,0.4041
frame_1720,0.4127
frame_1721,0.4145
frame_1722,0.4179
frame_1723,0.4270
frame_1724,0.4268
frame_1725,0.4353
frame_1726,0.4418
frame_1727,0.4409
frame_1728,0.4337
frame_1729,0.4324
frame_1730,0.4302
frame_1731,0.4290
frame_1732,0.4312
frame_1733,0.4285
frame_1734,0.4296
frame_1735,0.4270
frame_1736,0.4263
frame_1737,0.4251
frame_1738,0.4272
frame_1739,0.4279
frame_1740,0.4373
frame_1741,0.4444
frame_1742,0.4442
frame_1743,0.4322
frame_1744,0.4181
frame_1745,0.4090
frame_1746,0.3995
frame_1747,0.3951
frame_1748,0.3884
frame_1749,0.3776
frame_1750,0.3681
frame_1751,0.3527
frame_1752,0.3464
frame_1753,0.3476
frame_1754,0.3493
frame_1755,0.3552
frame_1756,0.3608
frame_1757,0.3578
frame_1758,0.3663
frame_1759,0.3669
frame_1760,0.3722
frame_1761,0.3743
frame_1762,0.3811
frame_1763,0.3816
frame_1764,0.3847
frame_1765,0.3904
frame_1766,0.3918
frame_1767,0.3956
frame_1768,0.3978
frame_1769,0.4034
frame_1770,0.3994
frame_1771,0.3957
frame_1772,0.4013
frame_1773,0.3955
frame_1774,0.4016
frame_1775,0.4016
frame_1776,0.4052
frame_1777,0.4129
frame_1778,0.4122
frame_1779,0.4240
frame_1780,0.4171
frame_1781,0.4191
frame_1782,0.4300
frame_1783,0.4212
frame_1784,0.4257
frame_1785,0.4369
frame_1786,0.4354
frame_1787,0.4359
frame_1788,0.4412
frame_1789,0.4407
frame_1790,0.4416
frame_1791,0.4423
frame_1792,0.4389
frame_1793,0.4362
frame_1794,0.4351
frame_1795,0.4362
frame_1796,0.4373
frame_1797,0.4339
frame_1798,0.4330
frame_1799,0.4415
frame_1800,0.4360
frame_1801,0.4359
frame_1802,0.4334
frame_1803,0.4342
frame_1804,0.4299
frame_1805,0.4273
frame_1806,0.4288
frame_1807,0.4365
frame_1808,0.4325
frame_1809,0.4494
frame_1810,0.4451
frame_1811,0.4428
frame_1812,0.4473
frame_1813,0.4453
frame_1814,0.4292
frame_1815,0.4345
frame_1816,0.4322
frame_1817,0.4298
frame_1818,0.4217
frame_1819,0.4197
frame_1820,0.4155
frame_1821,0.4149
frame_1822,0.4172
frame_1823,0.4139
frame_1824,0.4120
frame_1825,0.4043
frame_1826,0.3959
frame_1827,0.3867
frame_1828,0.3740
frame_1829,0.3734
frame_1830,0.3641
frame_1831,0.3594
frame_1832,0.3591
frame_1833,0.3544
frame_1834,0.3534
frame_1835,0.3528
frame_1836,0.3552
frame_1837,0.3591
frame_1838,0.3634
frame_1839,0.3619
frame_1840,0.3654
frame_1841,0.3633
frame_1842,0.3674
frame_1843,0.3699
frame_1844,0.3572
frame_1845,0.3656
frame_1846,0.3534
frame_1847,0.3579
frame_1848,0.3600
frame_1849,0.3620
frame_1850,0.3582
frame_1851,0.3667
frame_1852,0.3712
frame_1853,0.3678
frame_1854,0.3787
frame_1855,0.3776
frame_1856,0.3893
frame_1857,0.3923
frame_1858,0.3874
frame_1859,0.3864
frame_1860,0.3747
frame_1861,0.3626
frame_1862,0.3566
frame_1863,0.3532
frame_1864,0.3444
frame_1865,0.3397
frame_1866,0.3356
frame_1867,0.3364
frame_1868,0.3351
frame_1869,0.3317
frame_1870,0.3284
frame_1871,0.3213
frame_1872,0.3238
frame_1873,0.3233
frame_1874,0.3221
frame_1875,0.3157
frame_1876,0.3089
frame_1877,0.3028
frame_1878,0.2981
frame_1879,0.2901
frame_1880,0.2806
